[    2541ms] [INFO] %cDownload the React DevTools for a better development experience: https://react.dev/link/react-devtools font-weight:bold @ http://localhost:3000/_next/static/chunks/node_modules_next_dist_0ifwd0~._.js:2925
[    2640ms] [LOG] [HMR] connected @ http://localhost:3000/_next/static/chunks/node_modules_next_dist_0ifwd0~._.js:2925
[   11925ms] [LOG] [Fast Refresh] rebuilding @ http://localhost:3000/_next/static/chunks/node_modules_next_dist_0ifwd0~._.js:2925
[   12421ms] [LOG] [Fast Refresh] done in 600ms @ http://localhost:3000/_next/static/chunks/node_modules_next_dist_0ifwd0~._.js:2925
[   17018ms] [LOG] [Fast Refresh] rebuilding @ http://localhost:3000/_next/static/chunks/node_modules_next_dist_0ifwd0~._.js:2925
[   17312ms] [LOG] [Fast Refresh] done in 399ms @ http://localhost:3000/_next/static/chunks/node_modules_next_dist_0ifwd0~._.js:2925
[   20386ms] [LOG] [Fast Refresh] rebuilding @ http://localhost:3000/_next/static/chunks/node_modules_next_dist_0ifwd0~._.js:2925
[   20622ms] [LOG] [Fast Refresh] done in 350ms @ http://localhost:3000/_next/static/chunks/node_modules_next_dist_0ifwd0~._.js:2925
[   24554ms] [VERBOSE] [DOM] Password field is not contained in a form: (More info: https://goo.gl/9p2vKq) %o @ https://accounts.google.com/v3/signin/identifier?opparams=%253Fredirect_to%253Dhttp%25253A%25252F%25252Flocalhost%25253A3000%25252Fauth%25252Fcallback&dsh=S-969454103%3A1778052754493111&client_id=91096666289-3rmdar6ucqapaqiv4oejt44hmbabsr40.apps.googleusercontent.com&o2v=2&redirect_uri=https%3A%2F%2Flihqutmhaxcshnabzcxz.supabase.co%2Fauth%2Fv1%2Fcallback&response_type=code&scope=email+profile&service=lso&state=f963ef94-6591-428c-b6fb-fd99bb88aee8&flowName=GeneralOAuthFlow&continue=https%3A%2F%2Faccounts.google.com%2Fsignin%2Foauth%2Fconsent%3Fauthuser%3Dunknown%26part%3DAJi8hAPb2LnyRDY8pKunGwYwu0zyNwF0JLNg481mE-F4cOp5YTR61WgL3HDX7JvVwOuHYnrvQiK_9FcS2x8pOXBJUq2v5JlH-X5lRqOfkkJadqQ-R2wNDRR2oB15LIqJZtmkUl5FHvIB7khEcveDQ-ESXPbKC5PfAACdVlg3tyIRJ_Z3mHHum5xJXXjoYuFvvDXpvB1iMFkof06_W228HQ3-EN84E3N30rLX7DArbFYMKKH0HmkuCQclk-jQlaJ2yOMSpmoZUUQI0O1qhbMB5pa3drpEs85PbDCeXIb_i7c2LjjRJwmwM3dX0DzsjmCerbjGpnV1Ge-wktk88q8lt6yUSZJt-gAIhyhn9_w-u6tG_FCFDm_t0Yu350yIDb3M_4bknsTAG-9o92FCf7Oywx6rSwDvu8UG-cdOUSJGIGthqk_x8H2veil5xSDVJRH5n1VhyOa_9XS6UMV7HyGHX-VUAS2LgeAav2skz16r56ZorRmVvzTCwNU%26flowName%3DGeneralOAuthFlow%26as%3DS-969454103%253A1778052754493111%26client_id%3D91096666289-3rmdar6ucqapaqiv4oejt44hmbabsr40.apps.googleusercontent.com%26requestPath%3D%252Fsignin%252Foauth%252Fconsent%23&app_domain=https%3A%2F%2Flihqutmhaxcshnabzcxz.supabase.co&rart=ANgoxcc1SpYTakUaH47k1hyzPCB-Rdhwk_pTpBxRVO4fGE9OXUiZHeC7A7QpPZoYtOaoYYzZTygW2N1zxddwfDi184oz6KgXAdvbYmpWH3kYTXG2DQXrKmI:0
[   24565ms] [LOG] %c%s color: red; background: yellow; font-size: 24px; 警告 @ https://www.gstatic.com/_/mss/boq-identity/_/js/k=boq-identity.AccountsSignInUi.ja.khdzOXMwzmU.es5.O/am=Kd8AAAChEAVCBgDj__8HAAiAIGrg9SwATSAyAAAAAAAAAABgAQAAGgE/d=1/excm=_b,_tp,identifierview/ed=1/dg=0/wt=2/ujg=1/rs=AOaEmlEunb-Rx6HWnSzXzFSs-OpxUWEdWg/dti=1/m=_b,_tp:542
[   24565ms] [LOG] %c%s font-size: 18px; このコンソールを使用すると、Self-XSS と呼ばれる攻撃を使ってあなたになりすました攻撃者によって個人情報を騙し取られることがあります。
よくわからないコードは、入力したり、貼り付けたりしないでください。 @ https://www.gstatic.com/_/mss/boq-identity/_/js/k=boq-identity.AccountsSignInUi.ja.khdzOXMwzmU.es5.O/am=Kd8AAAChEAVCBgDj__8HAAiAIGrg9SwATSAyAAAAAAAAAABgAQAAGgE/d=1/excm=_b,_tp,identifierview/ed=1/dg=0/wt=2/ujg=1/rs=AOaEmlEunb-Rx6HWnSzXzFSs-OpxUWEdWg/dti=1/m=_b,_tp:542
[   40537ms] [VERBOSE] [DOM] Password field is not contained in a form: (More info: https://goo.gl/9p2vKq) %o @ https://accounts.google.com/v3/signin/challenge/pwd?TL=APouJz4WkE5v7kLO0MXMLR7cO5VVKmtuVpYXc8jcr7JdLkvcFHjA59sBGPGOYA6a&app_domain=https%3A%2F%2Flihqutmhaxcshnabzcxz.supabase.co&checkConnection=youtube%3A135&checkedDomains=youtube&cid=2&client_id=91096666289-3rmdar6ucqapaqiv4oejt44hmbabsr40.apps.googleusercontent.com&continue=https%3A%2F%2Faccounts.google.com%2Fsignin%2Foauth%2Fconsent%3Fauthuser%3Dunknown%26part%3DAJi8hAPb2LnyRDY8pKunGwYwu0zyNwF0JLNg481mE-F4cOp5YTR61WgL3HDX7JvVwOuHYnrvQiK_9FcS2x8pOXBJUq2v5JlH-X5lRqOfkkJadqQ-R2wNDRR2oB15LIqJZtmkUl5FHvIB7khEcveDQ-ESXPbKC5PfAACdVlg3tyIRJ_Z3mHHum5xJXXjoYuFvvDXpvB1iMFkof06_W228HQ3-EN84E3N30rLX7DArbFYMKKH0HmkuCQclk-jQlaJ2yOMSpmoZUUQI0O1qhbMB5pa3drpEs85PbDCeXIb_i7c2LjjRJwmwM3dX0DzsjmCerbjGpnV1Ge-wktk88q8lt6yUSZJt-gAIhyhn9_w-u6tG_FCFDm_t0Yu350yIDb3M_4bknsTAG-9o92FCf7Oywx6rSwDvu8UG-cdOUSJGIGthqk_x8H2veil5xSDVJRH5n1VhyOa_9XS6UMV7HyGHX-VUAS2LgeAav2skz16r56ZorRmVvzTCwNU%26flowName%3DGeneralOAuthFlow%26as%3DS-969454103%253A1778052754493111%26client_id%3D91096666289-3rmdar6ucqapaqiv4oejt44hmbabsr40.apps.googleusercontent.com%26requestPath%3D%252Fsignin%252Foauth%252Fconsent%23&dsh=S-969454103%3A1778052754493111&flowName=GeneralOAuthFlow&o2v=2&opparams=%253Fredirect_to%253Dhttp%25253A%25252F%25252Flocalhost%25253A3000%25252Fauth%25252Fcallback&pstMsg=1&rart=ANgoxcc1SpYTakUaH47k1hyzPCB-Rdhwk_pTpBxRVO4fGE9OXUiZHeC7A7QpPZoYtOaoYYzZTygW2N1zxddwfDi184oz6KgXAdvbYmpWH3kYTXG2DQXrKmI&redirect_uri=https%3A%2F%2Flihqutmhaxcshnabzcxz.supabase.co%2Fauth%2Fv1%2Fcallback&response_type=code&scope=email%20profile&service=lso&state=f963ef94-6591-428c-b6fb-fd99bb88aee8:0
[   24554ms] [VERBOSE] [DOM] Password field is not contained in a form: (More info: https://goo.gl/9p2vKq) %o @ https://accounts.google.com/v3/signin/identifier?opparams=%253Fredirect_to%253Dhttp%25253A%25252F%25252Flocalhost%25253A3000%25252Fauth%25252Fcallback&dsh=S-969454103%3A1778052754493111&client_id=91096666289-3rmdar6ucqapaqiv4oejt44hmbabsr40.apps.googleusercontent.com&o2v=2&redirect_uri=https%3A%2F%2Flihqutmhaxcshnabzcxz.supabase.co%2Fauth%2Fv1%2Fcallback&response_type=code&scope=email+profile&service=lso&state=f963ef94-6591-428c-b6fb-fd99bb88aee8&flowName=GeneralOAuthFlow&continue=https%3A%2F%2Faccounts.google.com%2Fsignin%2Foauth%2Fconsent%3Fauthuser%3Dunknown%26part%3DAJi8hAPb2LnyRDY8pKunGwYwu0zyNwF0JLNg481mE-F4cOp5YTR61WgL3HDX7JvVwOuHYnrvQiK_9FcS2x8pOXBJUq2v5JlH-X5lRqOfkkJadqQ-R2wNDRR2oB15LIqJZtmkUl5FHvIB7khEcveDQ-ESXPbKC5PfAACdVlg3tyIRJ_Z3mHHum5xJXXjoYuFvvDXpvB1iMFkof06_W228HQ3-EN84E3N30rLX7DArbFYMKKH0HmkuCQclk-jQlaJ2yOMSpmoZUUQI0O1qhbMB5pa3drpEs85PbDCeXIb_i7c2LjjRJwmwM3dX0DzsjmCerbjGpnV1Ge-wktk88q8lt6yUSZJt-gAIhyhn9_w-u6tG_FCFDm_t0Yu350yIDb3M_4bknsTAG-9o92FCf7Oywx6rSwDvu8UG-cdOUSJGIGthqk_x8H2veil5xSDVJRH5n1VhyOa_9XS6UMV7HyGHX-VUAS2LgeAav2skz16r56ZorRmVvzTCwNU%26flowName%3DGeneralOAuthFlow%26as%3DS-969454103%253A1778052754493111%26client_id%3D91096666289-3rmdar6ucqapaqiv4oejt44hmbabsr40.apps.googleusercontent.com%26requestPath%3D%252Fsignin%252Foauth%252Fconsent%23&app_domain=https%3A%2F%2Flihqutmhaxcshnabzcxz.supabase.co&rart=ANgoxcc1SpYTakUaH47k1hyzPCB-Rdhwk_pTpBxRVO4fGE9OXUiZHeC7A7QpPZoYtOaoYYzZTygW2N1zxddwfDi184oz6KgXAdvbYmpWH3kYTXG2DQXrKmI:0
[   40537ms] [VERBOSE] [DOM] Password field is not contained in a form: (More info: https://goo.gl/9p2vKq) %o @ https://accounts.google.com/v3/signin/challenge/pwd?TL=APouJz4WkE5v7kLO0MXMLR7cO5VVKmtuVpYXc8jcr7JdLkvcFHjA59sBGPGOYA6a&app_domain=https%3A%2F%2Flihqutmhaxcshnabzcxz.supabase.co&checkConnection=youtube%3A135&checkedDomains=youtube&cid=2&client_id=91096666289-3rmdar6ucqapaqiv4oejt44hmbabsr40.apps.googleusercontent.com&continue=https%3A%2F%2Faccounts.google.com%2Fsignin%2Foauth%2Fconsent%3Fauthuser%3Dunknown%26part%3DAJi8hAPb2LnyRDY8pKunGwYwu0zyNwF0JLNg481mE-F4cOp5YTR61WgL3HDX7JvVwOuHYnrvQiK_9FcS2x8pOXBJUq2v5JlH-X5lRqOfkkJadqQ-R2wNDRR2oB15LIqJZtmkUl5FHvIB7khEcveDQ-ESXPbKC5PfAACdVlg3tyIRJ_Z3mHHum5xJXXjoYuFvvDXpvB1iMFkof06_W228HQ3-EN84E3N30rLX7DArbFYMKKH0HmkuCQclk-jQlaJ2yOMSpmoZUUQI0O1qhbMB5pa3drpEs85PbDCeXIb_i7c2LjjRJwmwM3dX0DzsjmCerbjGpnV1Ge-wktk88q8lt6yUSZJt-gAIhyhn9_w-u6tG_FCFDm_t0Yu350yIDb3M_4bknsTAG-9o92FCf7Oywx6rSwDvu8UG-cdOUSJGIGthqk_x8H2veil5xSDVJRH5n1VhyOa_9XS6UMV7HyGHX-VUAS2LgeAav2skz16r56ZorRmVvzTCwNU%26flowName%3DGeneralOAuthFlow%26as%3DS-969454103%253A1778052754493111%26client_id%3D91096666289-3rmdar6ucqapaqiv4oejt44hmbabsr40.apps.googleusercontent.com%26requestPath%3D%252Fsignin%252Foauth%252Fconsent%23&dsh=S-969454103%3A1778052754493111&flowName=GeneralOAuthFlow&o2v=2&opparams=%253Fredirect_to%253Dhttp%25253A%25252F%25252Flocalhost%25253A3000%25252Fauth%25252Fcallback&pstMsg=1&rart=ANgoxcc1SpYTakUaH47k1hyzPCB-Rdhwk_pTpBxRVO4fGE9OXUiZHeC7A7QpPZoYtOaoYYzZTygW2N1zxddwfDi184oz6KgXAdvbYmpWH3kYTXG2DQXrKmI&redirect_uri=https%3A%2F%2Flihqutmhaxcshnabzcxz.supabase.co%2Fauth%2Fv1%2Fcallback&response_type=code&scope=email%20profile&service=lso&state=f963ef94-6591-428c-b6fb-fd99bb88aee8:0
[   65352ms] [LOG] %c%s color: red; background: yellow; font-size: 24px; 警告 @ https://www.gstatic.com/_/mss/boq-identity/_/js/k=boq-identity.OAuthUi.ja.sfk7brZ_Vi4.es5.O/am=nh8AAABQBIABAP7__wBB1OB6BqBAAAAAAAAAAAAYAAAi/d=1/excm=_b,_tp,attributesview/ed=1/dg=0/wt=2/ujg=1/rs=AOaEmlET24HGRqIPkUsK5yag2o2CUr0fyw/dti=1/m=_b,_tp:507
[   65352ms] [LOG] %c%s font-size: 18px; このコンソールを使用すると、Self-XSS と呼ばれる攻撃を使ってあなたになりすました攻撃者によって個人情報を騙し取られることがあります。
よくわからないコードは、入力したり、貼り付けたりしないでください。 @ https://www.gstatic.com/_/mss/boq-identity/_/js/k=boq-identity.OAuthUi.ja.sfk7brZ_Vi4.es5.O/am=nh8AAABQBIABAP7__wBB1OB6BqBAAAAAAAAAAAAYAAAi/d=1/excm=_b,_tp,attributesview/ed=1/dg=0/wt=2/ujg=1/rs=AOaEmlET24HGRqIPkUsK5yag2o2CUr0fyw/dti=1/m=_b,_tp:507
[   69258ms] [WARNING] Blocked aria-hidden on an element because its descendant retained focus. The focus must not be hidden from assistive technology users. Avoid using aria-hidden on a focused element or its ancestor. Consider using the inert attribute instead, which will also prevent focus. For more details, see the aria-hidden section of the WAI-ARIA specification at https://w3c.github.io/aria/#aria-hidden.
Element with focus: <div.sZwd7c B6Vhqe>
Ancestor with aria-hidden: <div.TdwKnf> @ https://accounts.google.com/signin/oauth/id?authuser=0&part=AJi8hAOlrEUuF2EvDcJtfV5sLA93PE2ApyE6rZjvHqn1juiDfA8_ONOF_-StgRaqGwgP33nUCmcchj_I0mmc7WgvKxZZjUaEMC558aq9JsoZuvlEXJ7FyJT0S836Cez-YCh4n0FRgsungJO2NyiBSOuRX9RZ19TLqb4T8aIp_oPB8WTD8oWMUvX2GFCXu10_nlHHu2feMfrXzhh30oPjFbS-OsI417UamKQ3PnER8nxBRIy4QHXkczc3kXWH-s_vGzv_xcivvxHgVut6Bmr5_MPsNvOzkyr6_OzJqoF8DYkpLtN7ofY1wH-pxNGQcD9MhhoHDEjv-l_o2-qRgslfG_xfdm42NYXDuSGXhsec44HNjiXpN8GKMs-jrZQgzH9_EMVRiYbo1Yu3yH_Nen0Gyt58_B4E3-uZQxyQaE0O7rQUMcTnaCLAQoOysngoNzEApOgOn_Qecmr17w2hUatsWLNHs0RqCvrDfJ2D_lGlsbJ_S36z6von8Ned8zAe84wFaTQ1BCSCYpgfiDhU5sLd4qu1DO7_s6pTQow8sG-ioGKYd2Jjhj58InYbImFCJUc80eEHIPZIqghxU4Nurl1HpnF0L-ALXllCRb4eSTgOLQ7xTPqA4I3twVQUlfgPzh-EJljpDh4tUzcLAePIHQbAu1QV0xNeMmOccUxKDmHBAqzrobFXDwJlBo3cF0cWo_U5szEp9QWdmdQX-3__YUdmqGmgGp-WrqAZ5HgYSPJg-4GbiYtT2Azx5PXfNOumTmQ1-UDgej1GEo1UMaJWzGVRl-l3I5cBMpuvLdSUBHLM8ewTUyuT_HK9umeVYrzAqR8C5927r0THQE4jF-6VNLkIPK_eTWJXM44w0VP9o_u0lqo1GQ9dq_ITWTU&flowName=GeneralOAuthFlow&as=S-969454103%3A1778052754493111&client_id=91096666289-3rmdar6ucqapaqiv4oejt44hmbabsr40.apps.googleusercontent.com&rapt=AEjHL4NI95VOf0dqrv8I9TTYXkNX81BtpZ6lP_0nrLYBUVqxlnyEyXFx7qJmy1UB3xPwXrKDmA6I5g9suLh_5yxBwPk5w2bZCTAsEsMN8PtnYdzzRElM5pQ#:0
[   70305ms] [INFO] %cDownload the React DevTools for a better development experience: https://react.dev/link/react-devtools font-weight:bold @ http://localhost:3000/_next/static/chunks/node_modules_next_dist_0ifwd0~._.js:2925
[   70375ms] [LOG] [HMR] connected @ http://localhost:3000/_next/static/chunks/node_modules_next_dist_0ifwd0~._.js:2925
[   76153ms] [LOG] [Fast Refresh] rebuilding @ http://localhost:3000/_next/static/chunks/node_modules_next_dist_0ifwd0~._.js:2925
[   76718ms] [LOG] [Fast Refresh] done in 671ms @ http://localhost:3000/_next/static/chunks/node_modules_next_dist_0ifwd0~._.js:2925
[   78160ms] [WARNING] Failed to execute 'postMessage' on 'DOMWindow': The target origin provided ('https://www.youtube.com') does not match the recipient window's origin ('http://localhost:3000'). @ https://www.youtube.com/s/player/cb017549/www-widgetapi.vflset/www-widgetapi.js:209
[   78424ms] [WARNING] Failed to execute 'postMessage' on 'DOMWindow': The target origin provided ('https://www.youtube.com') does not match the recipient window's origin ('http://localhost:3000'). @ https://www.youtube.com/s/player/cb017549/www-widgetapi.vflset/www-widgetapi.js:209
[   81675ms] [ERROR] Access to fetch at 'https://googleads.g.doubleclick.net/pagead/viewthroughconversion/962985656/?backend=innertube&cname=56&cver=2_20260505&foc_id=uAXFkgsw1L7xaCfnd5JJOw&label=followon_view&ptype=no_rmkt&random=555798541&cv_attributed=0' (redirected from 'https://www.youtube.com/pagead/viewthroughconversion/962985656/?backend=innertube&cname=56&cver=2_20260505&foc_id=uAXFkgsw1L7xaCfnd5JJOw&label=followon_view&ptype=no_rmkt&random=555798541') from origin 'https://www.youtube.com' has been blocked by CORS policy: No 'Access-Control-Allow-Origin' header is present on the requested resource. @ https://www.youtube.com/embed/dQw4w9WgXcQ?rel=0&modestbranding=1&enablejsapi=1&origin=http%3A%2F%2Flocalhost%3A3000&widgetid=1&forigin=http%3A%2F%2Flocalhost%3A3000%2Fcourses%2Fnextjs-fundamentals%2Flessons%2Fintro&aoriginsup=1&gporigin=https%3A%2F%2Faccounts.google.com%2F&vf=6:0
[   81676ms] [ERROR] Failed to load resource: net::ERR_FAILED @ https://googleads.g.doubleclick.net/pagead/viewthroughconversion/962985656/?backend=innertube&cname=56&cver=2_20260505&foc_id=uAXFkgsw1L7xaCfnd5JJOw&label=followon_view&ptype=no_rmkt&random=555798541&cv_attributed=0:0
[   81675ms] [ERROR] Access to fetch at 'https://googleads.g.doubleclick.net/pagead/viewthroughconversion/962985656/?backend=innertube&cname=56&cver=2_20260505&foc_id=uAXFkgsw1L7xaCfnd5JJOw&label=followon_view&ptype=no_rmkt&random=555798541&cv_attributed=0' (redirected from 'https://www.youtube.com/pagead/viewthroughconversion/962985656/?backend=innertube&cname=56&cver=2_20260505&foc_id=uAXFkgsw1L7xaCfnd5JJOw&label=followon_view&ptype=no_rmkt&random=555798541') from origin 'https://www.youtube.com' has been blocked by CORS policy: No 'Access-Control-Allow-Origin' header is present on the requested resource. @ https://www.youtube.com/embed/dQw4w9WgXcQ?rel=0&modestbranding=1&enablejsapi=1&origin=http%3A%2F%2Flocalhost%3A3000&widgetid=1&forigin=http%3A%2F%2Flocalhost%3A3000%2Fcourses%2Fnextjs-fundamentals%2Flessons%2Fintro&aoriginsup=1&gporigin=https%3A%2F%2Faccounts.google.com%2F&vf=6:0
[   81676ms] [ERROR] Failed to load resource: net::ERR_FAILED @ https://googleads.g.doubleclick.net/pagead/viewthroughconversion/962985656/?backend=innertube&cname=56&cver=2_20260505&foc_id=uAXFkgsw1L7xaCfnd5JJOw&label=followon_view&ptype=no_rmkt&random=555798541&cv_attributed=0:0
[  199153ms] [ERROR] Permissions policy violation: compute-pressure is not allowed in this document. @ https://www.youtube.com/s/player/cb017549/player_embed_es6.vflset/ja_JP/base.js:5086
[   81675ms] [ERROR] Access to fetch at 'https://googleads.g.doubleclick.net/pagead/viewthroughconversion/962985656/?backend=innertube&cname=56&cver=2_20260505&foc_id=uAXFkgsw1L7xaCfnd5JJOw&label=followon_view&ptype=no_rmkt&random=555798541&cv_attributed=0' (redirected from 'https://www.youtube.com/pagead/viewthroughconversion/962985656/?backend=innertube&cname=56&cver=2_20260505&foc_id=uAXFkgsw1L7xaCfnd5JJOw&label=followon_view&ptype=no_rmkt&random=555798541') from origin 'https://www.youtube.com' has been blocked by CORS policy: No 'Access-Control-Allow-Origin' header is present on the requested resource. @ https://www.youtube.com/embed/dQw4w9WgXcQ?rel=0&modestbranding=1&enablejsapi=1&origin=http%3A%2F%2Flocalhost%3A3000&widgetid=1&forigin=http%3A%2F%2Flocalhost%3A3000%2Fcourses%2Fnextjs-fundamentals%2Flessons%2Fintro&aoriginsup=1&gporigin=https%3A%2F%2Faccounts.google.com%2F&vf=6:0
[   81676ms] [ERROR] Failed to load resource: net::ERR_FAILED @ https://googleads.g.doubleclick.net/pagead/viewthroughconversion/962985656/?backend=innertube&cname=56&cver=2_20260505&foc_id=uAXFkgsw1L7xaCfnd5JJOw&label=followon_view&ptype=no_rmkt&random=555798541&cv_attributed=0:0
[  199153ms] [ERROR] Permissions policy violation: compute-pressure is not allowed in this document. @ https://www.youtube.com/s/player/cb017549/player_embed_es6.vflset/ja_JP/base.js:5086
[  201472ms] [INFO] Loading the script 'https://www.youtube.com/s/_/ytembeds/_/js/k=ytembeds.base.en_US.sHPKlneClWg.2021.O/am=AAAABA/d=1/br=1/rs=AGKMywG8CHkBMKqmf2aYsMs4rnRqeLTVjQ/m=root,base' violates the following Content Security Policy directive: "script-src 'unsafe-inline'". Note that 'script-src-elem' was not explicitly set, so 'script-src' is used as a fallback. The policy is report-only, so the violation has been logged but no further action has been taken. @ https://www.youtube.com/embed/dQw4w9WgXcQ?rel=0&modestbranding=1&enablejsapi=1&origin=http%3A%2F%2Flocalhost%3A3000&widgetid=9&forigin=http%3A%2F%2Flocalhost%3A3000%2Fcourses%2Fnextjs-fundamentals%2Flessons%2Fdata-fetching&aoriginsup=1&gporigin=https%3A%2F%2Faccounts.google.com%2F&vf=6:0
[  201483ms] [INFO] Loading the script 'https://www.youtube.com/s/player/cb017549/player_embed_es6.vflset/ja_JP/base.js' violates the following Content Security Policy directive: "script-src 'unsafe-inline'". Note that 'script-src-elem' was not explicitly set, so 'script-src' is used as a fallback. The policy is report-only, so the violation has been logged but no further action has been taken. @ https://www.youtube.com/embed/dQw4w9WgXcQ?rel=0&modestbranding=1&enablejsapi=1&origin=http%3A%2F%2Flocalhost%3A3000&widgetid=9&forigin=http%3A%2F%2Flocalhost%3A3000%2Fcourses%2Fnextjs-fundamentals%2Flessons%2Fdata-fetching&aoriginsup=1&gporigin=https%3A%2F%2Faccounts.google.com%2F&vf=6:0
[  201503ms] [INFO] Loading the script 'https://static.doubleclick.net/instream/ad_status.js' violates the following Content Security Policy directive: "script-src 'unsafe-inline'". Note that 'script-src-elem' was not explicitly set, so 'script-src' is used as a fallback. The policy is report-only, so the violation has been logged but no further action has been taken. @ https://www.youtube.com/s/_/ytembeds/_/js/k=ytembeds.base.en_US.sHPKlneClWg.2021.O/am=AAAABA/d=1/br=1/rs=AGKMywG8CHkBMKqmf2aYsMs4rnRqeLTVjQ/m=root,base:744
[  201508ms] [INFO] Loading the script 'https://www.youtube.com/s/_/ytembeds/_/js/k=ytembeds.base.en_US.sHPKlneClWg.2021.O/am=AAAABA/d=1/exm=base,root/ed=1/br=1/rs=AGKMywG8CHkBMKqmf2aYsMs4rnRqeLTVjQ/m=r78Drb' violates the following Content Security Policy directive: "script-src 'unsafe-inline'". Note that 'script-src-elem' was not explicitly set, so 'script-src' is used as a fallback. The policy is report-only, so the violation has been logged but no further action has been taken. @ https://www.youtube.com/s/_/ytembeds/_/js/k=ytembeds.base.en_US.sHPKlneClWg.2021.O/am=AAAABA/d=1/br=1/rs=AGKMywG8CHkBMKqmf2aYsMs4rnRqeLTVjQ/m=root,base:157
[  201613ms] [INFO] Loading the script 'https://www.youtube.com/s/_/ytembeds/_/js/k=ytembeds.base.en_US.sHPKlneClWg.2021.O/am=AAAABA/d=1/exm=base,r78Drb,root/ed=1/br=1/rs=AGKMywG8CHkBMKqmf2aYsMs4rnRqeLTVjQ/m=RZekJ' violates the following Content Security Policy directive: "script-src 'unsafe-inline'". Note that 'script-src-elem' was not explicitly set, so 'script-src' is used as a fallback. The policy is report-only, so the violation has been logged but no further action has been taken. @ https://www.youtube.com/s/_/ytembeds/_/js/k=ytembeds.base.en_US.sHPKlneClWg.2021.O/am=AAAABA/d=1/br=1/rs=AGKMywG8CHkBMKqmf2aYsMs4rnRqeLTVjQ/m=root,base:157
[  201631ms] [INFO] Loading the script 'https://www.youtube.com/s/embeds/ecd3b208/lottie-light.vflset/lottie-light.js' violates the following Content Security Policy directive: "script-src 'unsafe-inline'". Note that 'script-src-elem' was not explicitly set, so 'script-src' is used as a fallback. The policy is report-only, so the violation has been logged but no further action has been taken. @ https://www.youtube.com/s/_/ytembeds/_/js/k=ytembeds.base.en_US.sHPKlneClWg.2021.O/am=AAAABA/d=1/exm=base,root/ed=1/br=1/rs=AGKMywG8CHkBMKqmf2aYsMs4rnRqeLTVjQ/m=r78Drb:666
[  202026ms] [INFO] Loading the script 'https://www.google.com/js/th/lvvsIVwr29EdW6RVPknbhuIl1t8XfVXMTF5qgNoKDZM.js' violates the following Content Security Policy directive: "script-src 'unsafe-inline'". Note that 'script-src-elem' was not explicitly set, so 'script-src' is used as a fallback. The policy is report-only, so the violation has been logged but no further action has been taken. @ https://www.youtube.com/s/_/ytembeds/_/js/k=ytembeds.base.en_US.sHPKlneClWg.2021.O/am=AAAABA/d=1/br=1/rs=AGKMywG8CHkBMKqmf2aYsMs4rnRqeLTVjQ/m=root,base:780
[  202028ms] [INFO] Evaluating a string as JavaScript violates the following Content Security Policy directive because 'unsafe-eval' is not an allowed source of script: "script-src 'unsafe-inline'".
 The policy is report-only, so the violation has been logged but no further action has been taken. @ https://www.google.com/js/th/lvvsIVwr29EdW6RVPknbhuIl1t8XfVXMTF5qgNoKDZM.js:1
[  202029ms] [INFO] Evaluating a string as JavaScript violates the following Content Security Policy directive because 'unsafe-eval' is not an allowed source of script: "script-src 'unsafe-inline'".
 The policy is report-only, so the violation has been logged but no further action has been taken. @ https://www.google.com/js/th/lvvsIVwr29EdW6RVPknbhuIl1t8XfVXMTF5qgNoKDZM.js:1
[  202036ms] [INFO] Evaluating a string as JavaScript violates the following Content Security Policy directive because 'unsafe-eval' is not an allowed source of script: "script-src 'unsafe-inline'".
 The policy is report-only, so the violation has been logged but no further action has been taken. @ :6819
[  202048ms] [INFO] Evaluating a string as JavaScript violates the following Content Security Policy directive because 'unsafe-eval' is not an allowed source of script: "script-src 'unsafe-inline'".
 The policy is report-only, so the violation has been logged but no further action has been taken. @ :6819
[  202049ms] [INFO] Evaluating a string as JavaScript violates the following Content Security Policy directive because 'unsafe-eval' is not an allowed source of script: "script-src 'unsafe-inline'".
 The policy is report-only, so the violation has been logged but no further action has been taken. @ :6819
[  202049ms] [INFO] Evaluating a string as JavaScript violates the following Content Security Policy directive because 'unsafe-eval' is not an allowed source of script: "script-src 'unsafe-inline'".
 The policy is report-only, so the violation has been logged but no further action has been taken. @ :6819
[  202062ms] [INFO] Evaluating a string as JavaScript violates the following Content Security Policy directive because 'unsafe-eval' is not an allowed source of script: "script-src 'unsafe-inline'".
 The policy is report-only, so the violation has been logged but no further action has been taken. @ :6819
[  202062ms] [INFO] Evaluating a string as JavaScript violates the following Content Security Policy directive because 'unsafe-eval' is not an allowed source of script: "script-src 'unsafe-inline'".
 The policy is report-only, so the violation has been logged but no further action has been taken. @ :6819
[  202063ms] [INFO] Evaluating a string as JavaScript violates the following Content Security Policy directive because 'unsafe-eval' is not an allowed source of script: "script-src 'unsafe-inline'".
 The policy is report-only, so the violation has been logged but no further action has been taken. @ :6819
[  202063ms] [INFO] Evaluating a string as JavaScript violates the following Content Security Policy directive because 'unsafe-eval' is not an allowed source of script: "script-src 'unsafe-inline'".
 The policy is report-only, so the violation has been logged but no further action has been taken. @ :6819
[  202063ms] [INFO] Evaluating a string as JavaScript violates the following Content Security Policy directive because 'unsafe-eval' is not an allowed source of script: "script-src 'unsafe-inline'".
 The policy is report-only, so the violation has been logged but no further action has been taken. @ :6819
[  202064ms] [INFO] Evaluating a string as JavaScript violates the following Content Security Policy directive because 'unsafe-eval' is not an allowed source of script: "script-src 'unsafe-inline'".
 The policy is report-only, so the violation has been logged but no further action has been taken. @ :6819
[  202065ms] [INFO] Evaluating a string as JavaScript violates the following Content Security Policy directive because 'unsafe-eval' is not an allowed source of script: "script-src 'unsafe-inline'".
 The policy is report-only, so the violation has been logged but no further action has been taken. @ :6819
[  202065ms] [INFO] Evaluating a string as JavaScript violates the following Content Security Policy directive because 'unsafe-eval' is not an allowed source of script: "script-src 'unsafe-inline'".
 The policy is report-only, so the violation has been logged but no further action has been taken. @ :6819
[  202065ms] [INFO] Evaluating a string as JavaScript violates the following Content Security Policy directive because 'unsafe-eval' is not an allowed source of script: "script-src 'unsafe-inline'".
 The policy is report-only, so the violation has been logged but no further action has been taken. @ :6819
[  202066ms] [INFO] Evaluating a string as JavaScript violates the following Content Security Policy directive because 'unsafe-eval' is not an allowed source of script: "script-src 'unsafe-inline'".
 The policy is report-only, so the violation has been logged but no further action has been taken. @ :6819
[  202066ms] [INFO] Evaluating a string as JavaScript violates the following Content Security Policy directive because 'unsafe-eval' is not an allowed source of script: "script-src 'unsafe-inline'".
 The policy is report-only, so the violation has been logged but no further action has been taken. @ :6819
[  202066ms] [INFO] Evaluating a string as JavaScript violates the following Content Security Policy directive because 'unsafe-eval' is not an allowed source of script: "script-src 'unsafe-inline'".
 The policy is report-only, so the violation has been logged but no further action has been taken. @ :6819
[  202067ms] [INFO] Evaluating a string as JavaScript violates the following Content Security Policy directive because 'unsafe-eval' is not an allowed source of script: "script-src 'unsafe-inline'".
 The policy is report-only, so the violation has been logged but no further action has been taken. @ :6819
[  202067ms] [INFO] Evaluating a string as JavaScript violates the following Content Security Policy directive because 'unsafe-eval' is not an allowed source of script: "script-src 'unsafe-inline'".
 The policy is report-only, so the violation has been logged but no further action has been taken. @ :6819
[  202067ms] [INFO] Evaluating a string as JavaScript violates the following Content Security Policy directive because 'unsafe-eval' is not an allowed source of script: "script-src 'unsafe-inline'".
 The policy is report-only, so the violation has been logged but no further action has been taken. @ :6819
[  202073ms] [INFO] Evaluating a string as JavaScript violates the following Content Security Policy directive because 'unsafe-eval' is not an allowed source of script: "script-src 'unsafe-inline'".
 The policy is report-only, so the violation has been logged but no further action has been taken. @ :6819
[  202073ms] [INFO] Evaluating a string as JavaScript violates the following Content Security Policy directive because 'unsafe-eval' is not an allowed source of script: "script-src 'unsafe-inline'".
 The policy is report-only, so the violation has been logged but no further action has been taken. @ :6819
[  202074ms] [INFO] Evaluating a string as JavaScript violates the following Content Security Policy directive because 'unsafe-eval' is not an allowed source of script: "script-src 'unsafe-inline'".
 The policy is report-only, so the violation has been logged but no further action has been taken. @ :6819
[  202074ms] [INFO] Evaluating a string as JavaScript violates the following Content Security Policy directive because 'unsafe-eval' is not an allowed source of script: "script-src 'unsafe-inline'".
 The policy is report-only, so the violation has been logged but no further action has been taken. @ :6819
[  202074ms] [INFO] Evaluating a string as JavaScript violates the following Content Security Policy directive because 'unsafe-eval' is not an allowed source of script: "script-src 'unsafe-inline'".
 The policy is report-only, so the violation has been logged but no further action has been taken. @ :6819
[  202075ms] [INFO] Evaluating a string as JavaScript violates the following Content Security Policy directive because 'unsafe-eval' is not an allowed source of script: "script-src 'unsafe-inline'".
 The policy is report-only, so the violation has been logged but no further action has been taken. @ :6819
[  202075ms] [INFO] Evaluating a string as JavaScript violates the following Content Security Policy directive because 'unsafe-eval' is not an allowed source of script: "script-src 'unsafe-inline'".
 The policy is report-only, so the violation has been logged but no further action has been taken. @ :6819
[  202075ms] [INFO] Evaluating a string as JavaScript violates the following Content Security Policy directive because 'unsafe-eval' is not an allowed source of script: "script-src 'unsafe-inline'".
 The policy is report-only, so the violation has been logged but no further action has been taken. @ :6819
[  202075ms] [INFO] Evaluating a string as JavaScript violates the following Content Security Policy directive because 'unsafe-eval' is not an allowed source of script: "script-src 'unsafe-inline'".
 The policy is report-only, so the violation has been logged but no further action has been taken. @ :6819
[  202076ms] [INFO] Evaluating a string as JavaScript violates the following Content Security Policy directive because 'unsafe-eval' is not an allowed source of script: "script-src 'unsafe-inline'".
 The policy is report-only, so the violation has been logged but no further action has been taken. @ :6819
[  202076ms] [INFO] Evaluating a string as JavaScript violates the following Content Security Policy directive because 'unsafe-eval' is not an allowed source of script: "script-src 'unsafe-inline'".
 The policy is report-only, so the violation has been logged but no further action has been taken. @ :6819
[  202076ms] [INFO] Evaluating a string as JavaScript violates the following Content Security Policy directive because 'unsafe-eval' is not an allowed source of script: "script-src 'unsafe-inline'".
 The policy is report-only, so the violation has been logged but no further action has been taken. @ :6819
[  202077ms] [INFO] Evaluating a string as JavaScript violates the following Content Security Policy directive because 'unsafe-eval' is not an allowed source of script: "script-src 'unsafe-inline'".
 The policy is report-only, so the violation has been logged but no further action has been taken. @ :6819
[  202077ms] [INFO] Evaluating a string as JavaScript violates the following Content Security Policy directive because 'unsafe-eval' is not an allowed source of script: "script-src 'unsafe-inline'".
 The policy is report-only, so the violation has been logged but no further action has been taken. @ :6819
[  202077ms] [INFO] Evaluating a string as JavaScript violates the following Content Security Policy directive because 'unsafe-eval' is not an allowed source of script: "script-src 'unsafe-inline'".
 The policy is report-only, so the violation has been logged but no further action has been taken. @ :6819
[  202077ms] [INFO] Evaluating a string as JavaScript violates the following Content Security Policy directive because 'unsafe-eval' is not an allowed source of script: "script-src 'unsafe-inline'".
 The policy is report-only, so the violation has been logged but no further action has been taken. @ :6819
[  202078ms] [INFO] Evaluating a string as JavaScript violates the following Content Security Policy directive because 'unsafe-eval' is not an allowed source of script: "script-src 'unsafe-inline'".
 The policy is report-only, so the violation has been logged but no further action has been taken. @ :6819
[  202078ms] [INFO] Evaluating a string as JavaScript violates the following Content Security Policy directive because 'unsafe-eval' is not an allowed source of script: "script-src 'unsafe-inline'".
 The policy is report-only, so the violation has been logged but no further action has been taken. @ :6819
[  202079ms] [INFO] Evaluating a string as JavaScript violates the following Content Security Policy directive because 'unsafe-eval' is not an allowed source of script: "script-src 'unsafe-inline'".
 The policy is report-only, so the violation has been logged but no further action has been taken. @ :6819
[  202079ms] [INFO] Evaluating a string as JavaScript violates the following Content Security Policy directive because 'unsafe-eval' is not an allowed source of script: "script-src 'unsafe-inline'".
 The policy is report-only, so the violation has been logged but no further action has been taken. @ :6819
[  202079ms] [INFO] Evaluating a string as JavaScript violates the following Content Security Policy directive because 'unsafe-eval' is not an allowed source of script: "script-src 'unsafe-inline'".
 The policy is report-only, so the violation has been logged but no further action has been taken. @ :6819
[  202079ms] [INFO] Evaluating a string as JavaScript violates the following Content Security Policy directive because 'unsafe-eval' is not an allowed source of script: "script-src 'unsafe-inline'".
 The policy is report-only, so the violation has been logged but no further action has been taken. @ :6819
[  202080ms] [INFO] Evaluating a string as JavaScript violates the following Content Security Policy directive because 'unsafe-eval' is not an allowed source of script: "script-src 'unsafe-inline'".
 The policy is report-only, so the violation has been logged but no further action has been taken. @ :6819
[  202080ms] [INFO] Evaluating a string as JavaScript violates the following Content Security Policy directive because 'unsafe-eval' is not an allowed source of script: "script-src 'unsafe-inline'".
 The policy is report-only, so the violation has been logged but no further action has been taken. @ :6819
[  202080ms] [INFO] Evaluating a string as JavaScript violates the following Content Security Policy directive because 'unsafe-eval' is not an allowed source of script: "script-src 'unsafe-inline'".
 The policy is report-only, so the violation has been logged but no further action has been taken. @ :6819
[  202080ms] [INFO] Evaluating a string as JavaScript violates the following Content Security Policy directive because 'unsafe-eval' is not an allowed source of script: "script-src 'unsafe-inline'".
 The policy is report-only, so the violation has been logged but no further action has been taken. @ :6819
[  202081ms] [INFO] Evaluating a string as JavaScript violates the following Content Security Policy directive because 'unsafe-eval' is not an allowed source of script: "script-src 'unsafe-inline'".
 The policy is report-only, so the violation has been logged but no further action has been taken. @ :6819
[  202081ms] [INFO] Evaluating a string as JavaScript violates the following Content Security Policy directive because 'unsafe-eval' is not an allowed source of script: "script-src 'unsafe-inline'".
 The policy is report-only, so the violation has been logged but no further action has been taken. @ :6819
[  202081ms] [INFO] Evaluating a string as JavaScript violates the following Content Security Policy directive because 'unsafe-eval' is not an allowed source of script: "script-src 'unsafe-inline'".
 The policy is report-only, so the violation has been logged but no further action has been taken. @ :6819
[  202082ms] [INFO] Evaluating a string as JavaScript violates the following Content Security Policy directive because 'unsafe-eval' is not an allowed source of script: "script-src 'unsafe-inline'".
 The policy is report-only, so the violation has been logged but no further action has been taken. @ :6819
[  202082ms] [INFO] Evaluating a string as JavaScript violates the following Content Security Policy directive because 'unsafe-eval' is not an allowed source of script: "script-src 'unsafe-inline'".
 The policy is report-only, so the violation has been logged but no further action has been taken. @ :6819
[  202082ms] [INFO] Evaluating a string as JavaScript violates the following Content Security Policy directive because 'unsafe-eval' is not an allowed source of script: "script-src 'unsafe-inline'".
 The policy is report-only, so the violation has been logged but no further action has been taken. @ :6819
[  202083ms] [INFO] Evaluating a string as JavaScript violates the following Content Security Policy directive because 'unsafe-eval' is not an allowed source of script: "script-src 'unsafe-inline'".
 The policy is report-only, so the violation has been logged but no further action has been taken. @ :6819
[  202083ms] [INFO] Evaluating a string as JavaScript violates the following Content Security Policy directive because 'unsafe-eval' is not an allowed source of script: "script-src 'unsafe-inline'".
 The policy is report-only, so the violation has been logged but no further action has been taken. @ :6819
[  202083ms] [INFO] Evaluating a string as JavaScript violates the following Content Security Policy directive because 'unsafe-eval' is not an allowed source of script: "script-src 'unsafe-inline'".
 The policy is report-only, so the violation has been logged but no further action has been taken. @ :6819
[  202083ms] [INFO] Evaluating a string as JavaScript violates the following Content Security Policy directive because 'unsafe-eval' is not an allowed source of script: "script-src 'unsafe-inline'".
 The policy is report-only, so the violation has been logged but no further action has been taken. @ :6819
[  202084ms] [INFO] Evaluating a string as JavaScript violates the following Content Security Policy directive because 'unsafe-eval' is not an allowed source of script: "script-src 'unsafe-inline'".
 The policy is report-only, so the violation has been logged but no further action has been taken. @ :6819
[  202086ms] [INFO] Evaluating a string as JavaScript violates the following Content Security Policy directive because 'unsafe-eval' is not an allowed source of script: "script-src 'unsafe-inline'".
 The policy is report-only, so the violation has been logged but no further action has been taken. @ :6819
[  202086ms] [INFO] Evaluating a string as JavaScript violates the following Content Security Policy directive because 'unsafe-eval' is not an allowed source of script: "script-src 'unsafe-inline'".
 The policy is report-only, so the violation has been logged but no further action has been taken. @ :6819
[  202086ms] [INFO] Evaluating a string as JavaScript violates the following Content Security Policy directive because 'unsafe-eval' is not an allowed source of script: "script-src 'unsafe-inline'".
 The policy is report-only, so the violation has been logged but no further action has been taken. @ :6819
[  202087ms] [INFO] Evaluating a string as JavaScript violates the following Content Security Policy directive because 'unsafe-eval' is not an allowed source of script: "script-src 'unsafe-inline'".
 The policy is report-only, so the violation has been logged but no further action has been taken. @ :6819
[  202087ms] [INFO] Evaluating a string as JavaScript violates the following Content Security Policy directive because 'unsafe-eval' is not an allowed source of script: "script-src 'unsafe-inline'".
 The policy is report-only, so the violation has been logged but no further action has been taken. @ :6819
[  202088ms] [INFO] Evaluating a string as JavaScript violates the following Content Security Policy directive because 'unsafe-eval' is not an allowed source of script: "script-src 'unsafe-inline'".
 The policy is report-only, so the violation has been logged but no further action has been taken. @ :6819
[  202088ms] [INFO] Evaluating a string as JavaScript violates the following Content Security Policy directive because 'unsafe-eval' is not an allowed source of script: "script-src 'unsafe-inline'".
 The policy is report-only, so the violation has been logged but no further action has been taken. @ :6819
[  202088ms] [INFO] Evaluating a string as JavaScript violates the following Content Security Policy directive because 'unsafe-eval' is not an allowed source of script: "script-src 'unsafe-inline'".
 The policy is report-only, so the violation has been logged but no further action has been taken. @ :6819
[  202089ms] [INFO] Evaluating a string as JavaScript violates the following Content Security Policy directive because 'unsafe-eval' is not an allowed source of script: "script-src 'unsafe-inline'".
 The policy is report-only, so the violation has been logged but no further action has been taken. @ :6819
[  202089ms] [INFO] Evaluating a string as JavaScript violates the following Content Security Policy directive because 'unsafe-eval' is not an allowed source of script: "script-src 'unsafe-inline'".
 The policy is report-only, so the violation has been logged but no further action has been taken. @ :6819
[  202090ms] [INFO] Evaluating a string as JavaScript violates the following Content Security Policy directive because 'unsafe-eval' is not an allowed source of script: "script-src 'unsafe-inline'".
 The policy is report-only, so the violation has been logged but no further action has been taken. @ :6819
[  202090ms] [INFO] Evaluating a string as JavaScript violates the following Content Security Policy directive because 'unsafe-eval' is not an allowed source of script: "script-src 'unsafe-inline'".
 The policy is report-only, so the violation has been logged but no further action has been taken. @ :0
[  202091ms] [INFO] Evaluating a string as JavaScript violates the following Content Security Policy directive because 'unsafe-eval' is not an allowed source of script: "script-src 'unsafe-inline'".
 The policy is report-only, so the violation has been logged but no further action has been taken. @ :0
[  202092ms] [INFO] Evaluating a string as JavaScript violates the following Content Security Policy directive because 'unsafe-eval' is not an allowed source of script: "script-src 'unsafe-inline'".
 The policy is report-only, so the violation has been logged but no further action has been taken. @ :0
[  202093ms] [INFO] Evaluating a string as JavaScript violates the following Content Security Policy directive because 'unsafe-eval' is not an allowed source of script: "script-src 'unsafe-inline'".
 The policy is report-only, so the violation has been logged but no further action has been taken. @ :0
[  202093ms] [INFO] Evaluating a string as JavaScript violates the following Content Security Policy directive because 'unsafe-eval' is not an allowed source of script: "script-src 'unsafe-inline'".
 The policy is report-only, so the violation has been logged but no further action has been taken. @ :0
[  202093ms] [INFO] Evaluating a string as JavaScript violates the following Content Security Policy directive because 'unsafe-eval' is not an allowed source of script: "script-src 'unsafe-inline'".
 The policy is report-only, so the violation has been logged but no further action has been taken. @ :0
[  202093ms] [INFO] Evaluating a string as JavaScript violates the following Content Security Policy directive because 'unsafe-eval' is not an allowed source of script: "script-src 'unsafe-inline'".
 The policy is report-only, so the violation has been logged but no further action has been taken. @ :0
[  202094ms] [INFO] Evaluating a string as JavaScript violates the following Content Security Policy directive because 'unsafe-eval' is not an allowed source of script: "script-src 'unsafe-inline'".
 The policy is report-only, so the violation has been logged but no further action has been taken. @ :0
[  202094ms] [INFO] Evaluating a string as JavaScript violates the following Content Security Policy directive because 'unsafe-eval' is not an allowed source of script: "script-src 'unsafe-inline'".
 The policy is report-only, so the violation has been logged but no further action has been taken. @ :0
[  202124ms] [INFO] Evaluating a string as JavaScript violates the following Content Security Policy directive because 'unsafe-eval' is not an allowed source of script: "script-src 'unsafe-inline'".
 The policy is report-only, so the violation has been logged but no further action has been taken. @ :0
[  202124ms] [INFO] Evaluating a string as JavaScript violates the following Content Security Policy directive because 'unsafe-eval' is not an allowed source of script: "script-src 'unsafe-inline'".
 The policy is report-only, so the violation has been logged but no further action has been taken. @ :0
[  202125ms] [INFO] Evaluating a string as JavaScript violates the following Content Security Policy directive because 'unsafe-eval' is not an allowed source of script: "script-src 'unsafe-inline'".
 The policy is report-only, so the violation has been logged but no further action has been taken. @ :0
[  202125ms] [INFO] Evaluating a string as JavaScript violates the following Content Security Policy directive because 'unsafe-eval' is not an allowed source of script: "script-src 'unsafe-inline'".
 The policy is report-only, so the violation has been logged but no further action has been taken. @ :0
[  202126ms] [INFO] Evaluating a string as JavaScript violates the following Content Security Policy directive because 'unsafe-eval' is not an allowed source of script: "script-src 'unsafe-inline'".
 The policy is report-only, so the violation has been logged but no further action has been taken. @ :0
[  202126ms] [INFO] Evaluating a string as JavaScript violates the following Content Security Policy directive because 'unsafe-eval' is not an allowed source of script: "script-src 'unsafe-inline'".
 The policy is report-only, so the violation has been logged but no further action has been taken. @ :0
[  202126ms] [INFO] Evaluating a string as JavaScript violates the following Content Security Policy directive because 'unsafe-eval' is not an allowed source of script: "script-src 'unsafe-inline'".
 The policy is report-only, so the violation has been logged but no further action has been taken. @ :0
[  202126ms] [INFO] Evaluating a string as JavaScript violates the following Content Security Policy directive because 'unsafe-eval' is not an allowed source of script: "script-src 'unsafe-inline'".
 The policy is report-only, so the violation has been logged but no further action has been taken. @ :0
[  202127ms] [INFO] Evaluating a string as JavaScript violates the following Content Security Policy directive because 'unsafe-eval' is not an allowed source of script: "script-src 'unsafe-inline'".
 The policy is report-only, so the violation has been logged but no further action has been taken. @ :0
[  202127ms] [INFO] Evaluating a string as JavaScript violates the following Content Security Policy directive because 'unsafe-eval' is not an allowed source of script: "script-src 'unsafe-inline'".
 The policy is report-only, so the violation has been logged but no further action has been taken. @ :0
[  202127ms] [INFO] Evaluating a string as JavaScript violates the following Content Security Policy directive because 'unsafe-eval' is not an allowed source of script: "script-src 'unsafe-inline'".
 The policy is report-only, so the violation has been logged but no further action has been taken. @ :0
[  202127ms] [INFO] Evaluating a string as JavaScript violates the following Content Security Policy directive because 'unsafe-eval' is not an allowed source of script: "script-src 'unsafe-inline'".
 The policy is report-only, so the violation has been logged but no further action has been taken. @ :0
[  202127ms] [INFO] Evaluating a string as JavaScript violates the following Content Security Policy directive because 'unsafe-eval' is not an allowed source of script: "script-src 'unsafe-inline'".
 The policy is report-only, so the violation has been logged but no further action has been taken. @ :0
[  202128ms] [INFO] Evaluating a string as JavaScript violates the following Content Security Policy directive because 'unsafe-eval' is not an allowed source of script: "script-src 'unsafe-inline'".
 The policy is report-only, so the violation has been logged but no further action has been taken. @ :0
[  202128ms] [INFO] Evaluating a string as JavaScript violates the following Content Security Policy directive because 'unsafe-eval' is not an allowed source of script: "script-src 'unsafe-inline'".
 The policy is report-only, so the violation has been logged but no further action has been taken. @ :0
[  202128ms] [INFO] Evaluating a string as JavaScript violates the following Content Security Policy directive because 'unsafe-eval' is not an allowed source of script: "script-src 'unsafe-inline'".
 The policy is report-only, so the violation has been logged but no further action has been taken. @ :0
[  202128ms] [INFO] Evaluating a string as JavaScript violates the following Content Security Policy directive because 'unsafe-eval' is not an allowed source of script: "script-src 'unsafe-inline'".
 The policy is report-only, so the violation has been logged but no further action has been taken. @ :0
[  202128ms] [INFO] Evaluating a string as JavaScript violates the following Content Security Policy directive because 'unsafe-eval' is not an allowed source of script: "script-src 'unsafe-inline'".
 The policy is report-only, so the violation has been logged but no further action has been taken. @ :0
[  202128ms] [INFO] Evaluating a string as JavaScript violates the following Content Security Policy directive because 'unsafe-eval' is not an allowed source of script: "script-src 'unsafe-inline'".
 The policy is report-only, so the violation has been logged but no further action has been taken. @ :0
[  202128ms] [INFO] Evaluating a string as JavaScript violates the following Content Security Policy directive because 'unsafe-eval' is not an allowed source of script: "script-src 'unsafe-inline'".
 The policy is report-only, so the violation has been logged but no further action has been taken. @ :0
[  202129ms] [INFO] Evaluating a string as JavaScript violates the following Content Security Policy directive because 'unsafe-eval' is not an allowed source of script: "script-src 'unsafe-inline'".
 The policy is report-only, so the violation has been logged but no further action has been taken. @ :0
[  202129ms] [INFO] Evaluating a string as JavaScript violates the following Content Security Policy directive because 'unsafe-eval' is not an allowed source of script: "script-src 'unsafe-inline'".
 The policy is report-only, so the violation has been logged but no further action has been taken. @ :0
[  202129ms] [INFO] Evaluating a string as JavaScript violates the following Content Security Policy directive because 'unsafe-eval' is not an allowed source of script: "script-src 'unsafe-inline'".
 The policy is report-only, so the violation has been logged but no further action has been taken. @ :0
[  202129ms] [INFO] Evaluating a string as JavaScript violates the following Content Security Policy directive because 'unsafe-eval' is not an allowed source of script: "script-src 'unsafe-inline'".
 The policy is report-only, so the violation has been logged but no further action has been taken. @ :0
[  202129ms] [INFO] Evaluating a string as JavaScript violates the following Content Security Policy directive because 'unsafe-eval' is not an allowed source of script: "script-src 'unsafe-inline'".
 The policy is report-only, so the violation has been logged but no further action has been taken. @ :0
[  202129ms] [INFO] Evaluating a string as JavaScript violates the following Content Security Policy directive because 'unsafe-eval' is not an allowed source of script: "script-src 'unsafe-inline'".
 The policy is report-only, so the violation has been logged but no further action has been taken. @ :0
[  202129ms] [INFO] Evaluating a string as JavaScript violates the following Content Security Policy directive because 'unsafe-eval' is not an allowed source of script: "script-src 'unsafe-inline'".
 The policy is report-only, so the violation has been logged but no further action has been taken. @ :0
[  202129ms] [INFO] Evaluating a string as JavaScript violates the following Content Security Policy directive because 'unsafe-eval' is not an allowed source of script: "script-src 'unsafe-inline'".
 The policy is report-only, so the violation has been logged but no further action has been taken. @ :0
[  202130ms] [INFO] Evaluating a string as JavaScript violates the following Content Security Policy directive because 'unsafe-eval' is not an allowed source of script: "script-src 'unsafe-inline'".
 The policy is report-only, so the violation has been logged but no further action has been taken. @ :0
[  202130ms] [INFO] Evaluating a string as JavaScript violates the following Content Security Policy directive because 'unsafe-eval' is not an allowed source of script: "script-src 'unsafe-inline'".
 The policy is report-only, so the violation has been logged but no further action has been taken. @ :0
[  202130ms] [INFO] Evaluating a string as JavaScript violates the following Content Security Policy directive because 'unsafe-eval' is not an allowed source of script: "script-src 'unsafe-inline'".
 The policy is report-only, so the violation has been logged but no further action has been taken. @ :0
[  202130ms] [INFO] Evaluating a string as JavaScript violates the following Content Security Policy directive because 'unsafe-eval' is not an allowed source of script: "script-src 'unsafe-inline'".
 The policy is report-only, so the violation has been logged but no further action has been taken. @ :0
[  202130ms] [INFO] Evaluating a string as JavaScript violates the following Content Security Policy directive because 'unsafe-eval' is not an allowed source of script: "script-src 'unsafe-inline'".
 The policy is report-only, so the violation has been logged but no further action has been taken. @ :0
[  202130ms] [INFO] Evaluating a string as JavaScript violates the following Content Security Policy directive because 'unsafe-eval' is not an allowed source of script: "script-src 'unsafe-inline'".
 The policy is report-only, so the violation has been logged but no further action has been taken. @ :0
[  202130ms] [INFO] Evaluating a string as JavaScript violates the following Content Security Policy directive because 'unsafe-eval' is not an allowed source of script: "script-src 'unsafe-inline'".
 The policy is report-only, so the violation has been logged but no further action has been taken. @ :0
[  202131ms] [INFO] Evaluating a string as JavaScript violates the following Content Security Policy directive because 'unsafe-eval' is not an allowed source of script: "script-src 'unsafe-inline'".
 The policy is report-only, so the violation has been logged but no further action has been taken. @ :0
[  202131ms] [INFO] Evaluating a string as JavaScript violates the following Content Security Policy directive because 'unsafe-eval' is not an allowed source of script: "script-src 'unsafe-inline'".
 The policy is report-only, so the violation has been logged but no further action has been taken. @ :0
[  202131ms] [INFO] Evaluating a string as JavaScript violates the following Content Security Policy directive because 'unsafe-eval' is not an allowed source of script: "script-src 'unsafe-inline'".
 The policy is report-only, so the violation has been logged but no further action has been taken. @ :0
[  202131ms] [INFO] Evaluating a string as JavaScript violates the following Content Security Policy directive because 'unsafe-eval' is not an allowed source of script: "script-src 'unsafe-inline'".
 The policy is report-only, so the violation has been logged but no further action has been taken. @ :0
[  202132ms] [INFO] Evaluating a string as JavaScript violates the following Content Security Policy directive because 'unsafe-eval' is not an allowed source of script: "script-src 'unsafe-inline'".
 The policy is report-only, so the violation has been logged but no further action has been taken. @ :0
[  202132ms] [INFO] Evaluating a string as JavaScript violates the following Content Security Policy directive because 'unsafe-eval' is not an allowed source of script: "script-src 'unsafe-inline'".
 The policy is report-only, so the violation has been logged but no further action has been taken. @ :0
[  202132ms] [INFO] Evaluating a string as JavaScript violates the following Content Security Policy directive because 'unsafe-eval' is not an allowed source of script: "script-src 'unsafe-inline'".
 The policy is report-only, so the violation has been logged but no further action has been taken. @ :0
[  202132ms] [INFO] Evaluating a string as JavaScript violates the following Content Security Policy directive because 'unsafe-eval' is not an allowed source of script: "script-src 'unsafe-inline'".
 The policy is report-only, so the violation has been logged but no further action has been taken. @ :0
[  202132ms] [INFO] Evaluating a string as JavaScript violates the following Content Security Policy directive because 'unsafe-eval' is not an allowed source of script: "script-src 'unsafe-inline'".
 The policy is report-only, so the violation has been logged but no further action has been taken. @ :0
[  202133ms] [INFO] Evaluating a string as JavaScript violates the following Content Security Policy directive because 'unsafe-eval' is not an allowed source of script: "script-src 'unsafe-inline'".
 The policy is report-only, so the violation has been logged but no further action has been taken. @ :0
[  202133ms] [INFO] Evaluating a string as JavaScript violates the following Content Security Policy directive because 'unsafe-eval' is not an allowed source of script: "script-src 'unsafe-inline'".
 The policy is report-only, so the violation has been logged but no further action has been taken. @ :0
[  202133ms] [INFO] Evaluating a string as JavaScript violates the following Content Security Policy directive because 'unsafe-eval' is not an allowed source of script: "script-src 'unsafe-inline'".
 The policy is report-only, so the violation has been logged but no further action has been taken. @ :0
[  202133ms] [INFO] Evaluating a string as JavaScript violates the following Content Security Policy directive because 'unsafe-eval' is not an allowed source of script: "script-src 'unsafe-inline'".
 The policy is report-only, so the violation has been logged but no further action has been taken. @ :0
[  202133ms] [INFO] Evaluating a string as JavaScript violates the following Content Security Policy directive because 'unsafe-eval' is not an allowed source of script: "script-src 'unsafe-inline'".
 The policy is report-only, so the violation has been logged but no further action has been taken. @ :0
[  202134ms] [INFO] Evaluating a string as JavaScript violates the following Content Security Policy directive because 'unsafe-eval' is not an allowed source of script: "script-src 'unsafe-inline'".
 The policy is report-only, so the violation has been logged but no further action has been taken. @ :0
[  202134ms] [INFO] Evaluating a string as JavaScript violates the following Content Security Policy directive because 'unsafe-eval' is not an allowed source of script: "script-src 'unsafe-inline'".
 The policy is report-only, so the violation has been logged but no further action has been taken. @ :0
[  202134ms] [INFO] Evaluating a string as JavaScript violates the following Content Security Policy directive because 'unsafe-eval' is not an allowed source of script: "script-src 'unsafe-inline'".
 The policy is report-only, so the violation has been logged but no further action has been taken. @ :0
[  202134ms] [INFO] Evaluating a string as JavaScript violates the following Content Security Policy directive because 'unsafe-eval' is not an allowed source of script: "script-src 'unsafe-inline'".
 The policy is report-only, so the violation has been logged but no further action has been taken. @ :0
[  202134ms] [INFO] Evaluating a string as JavaScript violates the following Content Security Policy directive because 'unsafe-eval' is not an allowed source of script: "script-src 'unsafe-inline'".
 The policy is report-only, so the violation has been logged but no further action has been taken. @ :0
[  202134ms] [INFO] Evaluating a string as JavaScript violates the following Content Security Policy directive because 'unsafe-eval' is not an allowed source of script: "script-src 'unsafe-inline'".
 The policy is report-only, so the violation has been logged but no further action has been taken. @ :0
[  202134ms] [INFO] Evaluating a string as JavaScript violates the following Content Security Policy directive because 'unsafe-eval' is not an allowed source of script: "script-src 'unsafe-inline'".
 The policy is report-only, so the violation has been logged but no further action has been taken. @ :0
[  202135ms] [INFO] Evaluating a string as JavaScript violates the following Content Security Policy directive because 'unsafe-eval' is not an allowed source of script: "script-src 'unsafe-inline'".
 The policy is report-only, so the violation has been logged but no further action has been taken. @ :0
[  202135ms] [INFO] Evaluating a string as JavaScript violates the following Content Security Policy directive because 'unsafe-eval' is not an allowed source of script: "script-src 'unsafe-inline'".
 The policy is report-only, so the violation has been logged but no further action has been taken. @ :0
[  202135ms] [INFO] Evaluating a string as JavaScript violates the following Content Security Policy directive because 'unsafe-eval' is not an allowed source of script: "script-src 'unsafe-inline'".
 The policy is report-only, so the violation has been logged but no further action has been taken. @ :0
[  202135ms] [INFO] Evaluating a string as JavaScript violates the following Content Security Policy directive because 'unsafe-eval' is not an allowed source of script: "script-src 'unsafe-inline'".
 The policy is report-only, so the violation has been logged but no further action has been taken. @ :0
[  202150ms] [INFO] Evaluating a string as JavaScript violates the following Content Security Policy directive because 'unsafe-eval' is not an allowed source of script: "script-src 'unsafe-inline'".
 The policy is report-only, so the violation has been logged but no further action has been taken. @ :0
[  202150ms] [INFO] Evaluating a string as JavaScript violates the following Content Security Policy directive because 'unsafe-eval' is not an allowed source of script: "script-src 'unsafe-inline'".
 The policy is report-only, so the violation has been logged but no further action has been taken. @ :0
[  202151ms] [INFO] Evaluating a string as JavaScript violates the following Content Security Policy directive because 'unsafe-eval' is not an allowed source of script: "script-src 'unsafe-inline'".
 The policy is report-only, so the violation has been logged but no further action has been taken. @ :0
[  202151ms] [INFO] Evaluating a string as JavaScript violates the following Content Security Policy directive because 'unsafe-eval' is not an allowed source of script: "script-src 'unsafe-inline'".
 The policy is report-only, so the violation has been logged but no further action has been taken. @ :0
[  202152ms] [INFO] Evaluating a string as JavaScript violates the following Content Security Policy directive because 'unsafe-eval' is not an allowed source of script: "script-src 'unsafe-inline'".
 The policy is report-only, so the violation has been logged but no further action has been taken. @ :0
[  202172ms] [INFO] Evaluating a string as JavaScript violates the following Content Security Policy directive because 'unsafe-eval' is not an allowed source of script: "script-src 'unsafe-inline'".
 The policy is report-only, so the violation has been logged but no further action has been taken. @ :0
[  202172ms] [INFO] Evaluating a string as JavaScript violates the following Content Security Policy directive because 'unsafe-eval' is not an allowed source of script: "script-src 'unsafe-inline'".
 The policy is report-only, so the violation has been logged but no further action has been taken. @ :0
[  202174ms] [INFO] Evaluating a string as JavaScript violates the following Content Security Policy directive because 'unsafe-eval' is not an allowed source of script: "script-src 'unsafe-inline'".
 The policy is report-only, so the violation has been logged but no further action has been taken. @ :0
[  202174ms] [INFO] Evaluating a string as JavaScript violates the following Content Security Policy directive because 'unsafe-eval' is not an allowed source of script: "script-src 'unsafe-inline'".
 The policy is report-only, so the violation has been logged but no further action has been taken. @ :0
[  202175ms] [INFO] Evaluating a string as JavaScript violates the following Content Security Policy directive because 'unsafe-eval' is not an allowed source of script: "script-src 'unsafe-inline'".
 The policy is report-only, so the violation has been logged but no further action has been taken. @ :0
[  202175ms] [INFO] Evaluating a string as JavaScript violates the following Content Security Policy directive because 'unsafe-eval' is not an allowed source of script: "script-src 'unsafe-inline'".
 The policy is report-only, so the violation has been logged but no further action has been taken. @ :0
[  202176ms] [INFO] Evaluating a string as JavaScript violates the following Content Security Policy directive because 'unsafe-eval' is not an allowed source of script: "script-src 'unsafe-inline'".
 The policy is report-only, so the violation has been logged but no further action has been taken. @ :0
[  202176ms] [INFO] Evaluating a string as JavaScript violates the following Content Security Policy directive because 'unsafe-eval' is not an allowed source of script: "script-src 'unsafe-inline'".
 The policy is report-only, so the violation has been logged but no further action has been taken. @ :0
[  202177ms] [INFO] Evaluating a string as JavaScript violates the following Content Security Policy directive because 'unsafe-eval' is not an allowed source of script: "script-src 'unsafe-inline'".
 The policy is report-only, so the violation has been logged but no further action has been taken. @ :0
[  202177ms] [INFO] Evaluating a string as JavaScript violates the following Content Security Policy directive because 'unsafe-eval' is not an allowed source of script: "script-src 'unsafe-inline'".
 The policy is report-only, so the violation has been logged but no further action has been taken. @ :0
[  202177ms] [INFO] Evaluating a string as JavaScript violates the following Content Security Policy directive because 'unsafe-eval' is not an allowed source of script: "script-src 'unsafe-inline'".
 The policy is report-only, so the violation has been logged but no further action has been taken. @ :0
[  202177ms] [INFO] Evaluating a string as JavaScript violates the following Content Security Policy directive because 'unsafe-eval' is not an allowed source of script: "script-src 'unsafe-inline'".
 The policy is report-only, so the violation has been logged but no further action has been taken. @ :0
[  202178ms] [INFO] Evaluating a string as JavaScript violates the following Content Security Policy directive because 'unsafe-eval' is not an allowed source of script: "script-src 'unsafe-inline'".
 The policy is report-only, so the violation has been logged but no further action has been taken. @ :0
[  202178ms] [INFO] Evaluating a string as JavaScript violates the following Content Security Policy directive because 'unsafe-eval' is not an allowed source of script: "script-src 'unsafe-inline'".
 The policy is report-only, so the violation has been logged but no further action has been taken. @ :0
[  202178ms] [INFO] Evaluating a string as JavaScript violates the following Content Security Policy directive because 'unsafe-eval' is not an allowed source of script: "script-src 'unsafe-inline'".
 The policy is report-only, so the violation has been logged but no further action has been taken. @ :0
[  202178ms] [INFO] Evaluating a string as JavaScript violates the following Content Security Policy directive because 'unsafe-eval' is not an allowed source of script: "script-src 'unsafe-inline'".
 The policy is report-only, so the violation has been logged but no further action has been taken. @ :0
[  202179ms] [INFO] Evaluating a string as JavaScript violates the following Content Security Policy directive because 'unsafe-eval' is not an allowed source of script: "script-src 'unsafe-inline'".
 The policy is report-only, so the violation has been logged but no further action has been taken. @ :0
[  202179ms] [INFO] Evaluating a string as JavaScript violates the following Content Security Policy directive because 'unsafe-eval' is not an allowed source of script: "script-src 'unsafe-inline'".
 The policy is report-only, so the violation has been logged but no further action has been taken. @ :0
[  202179ms] [INFO] Evaluating a string as JavaScript violates the following Content Security Policy directive because 'unsafe-eval' is not an allowed source of script: "script-src 'unsafe-inline'".
 The policy is report-only, so the violation has been logged but no further action has been taken. @ :0
[  202179ms] [INFO] Evaluating a string as JavaScript violates the following Content Security Policy directive because 'unsafe-eval' is not an allowed source of script: "script-src 'unsafe-inline'".
 The policy is report-only, so the violation has been logged but no further action has been taken. @ :0
[  202179ms] [INFO] Evaluating a string as JavaScript violates the following Content Security Policy directive because 'unsafe-eval' is not an allowed source of script: "script-src 'unsafe-inline'".
 The policy is report-only, so the violation has been logged but no further action has been taken. @ :0
[  202180ms] [INFO] Evaluating a string as JavaScript violates the following Content Security Policy directive because 'unsafe-eval' is not an allowed source of script: "script-src 'unsafe-inline'".
 The policy is report-only, so the violation has been logged but no further action has been taken. @ :0
[  202180ms] [INFO] Evaluating a string as JavaScript violates the following Content Security Policy directive because 'unsafe-eval' is not an allowed source of script: "script-src 'unsafe-inline'".
 The policy is report-only, so the violation has been logged but no further action has been taken. @ :0
[  202180ms] [INFO] Evaluating a string as JavaScript violates the following Content Security Policy directive because 'unsafe-eval' is not an allowed source of script: "script-src 'unsafe-inline'".
 The policy is report-only, so the violation has been logged but no further action has been taken. @ :0
[  202197ms] [INFO] Evaluating a string as JavaScript violates the following Content Security Policy directive because 'unsafe-eval' is not an allowed source of script: "script-src 'unsafe-inline'".
 The policy is report-only, so the violation has been logged but no further action has been taken. @ :0
[  202197ms] [INFO] Evaluating a string as JavaScript violates the following Content Security Policy directive because 'unsafe-eval' is not an allowed source of script: "script-src 'unsafe-inline'".
 The policy is report-only, so the violation has been logged but no further action has been taken. @ :0
[  202198ms] [INFO] Evaluating a string as JavaScript violates the following Content Security Policy directive because 'unsafe-eval' is not an allowed source of script: "script-src 'unsafe-inline'".
 The policy is report-only, so the violation has been logged but no further action has been taken. @ :0
[  202198ms] [INFO] Evaluating a string as JavaScript violates the following Content Security Policy directive because 'unsafe-eval' is not an allowed source of script: "script-src 'unsafe-inline'".
 The policy is report-only, so the violation has been logged but no further action has been taken. @ :0
[  202198ms] [INFO] Evaluating a string as JavaScript violates the following Content Security Policy directive because 'unsafe-eval' is not an allowed source of script: "script-src 'unsafe-inline'".
 The policy is report-only, so the violation has been logged but no further action has been taken. @ :0
[  202198ms] [INFO] Evaluating a string as JavaScript violates the following Content Security Policy directive because 'unsafe-eval' is not an allowed source of script: "script-src 'unsafe-inline'".
 The policy is report-only, so the violation has been logged but no further action has been taken. @ :0
[  202198ms] [INFO] Evaluating a string as JavaScript violates the following Content Security Policy directive because 'unsafe-eval' is not an allowed source of script: "script-src 'unsafe-inline'".
 The policy is report-only, so the violation has been logged but no further action has been taken. @ :0
[  202198ms] [INFO] Evaluating a string as JavaScript violates the following Content Security Policy directive because 'unsafe-eval' is not an allowed source of script: "script-src 'unsafe-inline'".
 The policy is report-only, so the violation has been logged but no further action has been taken. @ :0
[  202199ms] [INFO] Evaluating a string as JavaScript violates the following Content Security Policy directive because 'unsafe-eval' is not an allowed source of script: "script-src 'unsafe-inline'".
 The policy is report-only, so the violation has been logged but no further action has been taken. @ :0
[  202199ms] [INFO] Evaluating a string as JavaScript violates the following Content Security Policy directive because 'unsafe-eval' is not an allowed source of script: "script-src 'unsafe-inline'".
 The policy is report-only, so the violation has been logged but no further action has been taken. @ :0
[  202199ms] [INFO] Evaluating a string as JavaScript violates the following Content Security Policy directive because 'unsafe-eval' is not an allowed source of script: "script-src 'unsafe-inline'".
 The policy is report-only, so the violation has been logged but no further action has been taken. @ :0
[  202200ms] [INFO] Evaluating a string as JavaScript violates the following Content Security Policy directive because 'unsafe-eval' is not an allowed source of script: "script-src 'unsafe-inline'".
 The policy is report-only, so the violation has been logged but no further action has been taken. @ :0
[  202200ms] [INFO] Evaluating a string as JavaScript violates the following Content Security Policy directive because 'unsafe-eval' is not an allowed source of script: "script-src 'unsafe-inline'".
 The policy is report-only, so the violation has been logged but no further action has been taken. @ :0
[  202200ms] [INFO] Evaluating a string as JavaScript violates the following Content Security Policy directive because 'unsafe-eval' is not an allowed source of script: "script-src 'unsafe-inline'".
 The policy is report-only, so the violation has been logged but no further action has been taken. @ :0
[  202200ms] [INFO] Evaluating a string as JavaScript violates the following Content Security Policy directive because 'unsafe-eval' is not an allowed source of script: "script-src 'unsafe-inline'".
 The policy is report-only, so the violation has been logged but no further action has been taken. @ :0
[  202200ms] [INFO] Evaluating a string as JavaScript violates the following Content Security Policy directive because 'unsafe-eval' is not an allowed source of script: "script-src 'unsafe-inline'".
 The policy is report-only, so the violation has been logged but no further action has been taken. @ :0
[  202201ms] [INFO] Evaluating a string as JavaScript violates the following Content Security Policy directive because 'unsafe-eval' is not an allowed source of script: "script-src 'unsafe-inline'".
 The policy is report-only, so the violation has been logged but no further action has been taken. @ :0
[  202201ms] [INFO] Evaluating a string as JavaScript violates the following Content Security Policy directive because 'unsafe-eval' is not an allowed source of script: "script-src 'unsafe-inline'".
 The policy is report-only, so the violation has been logged but no further action has been taken. @ :0
[  202201ms] [INFO] Evaluating a string as JavaScript violates the following Content Security Policy directive because 'unsafe-eval' is not an allowed source of script: "script-src 'unsafe-inline'".
 The policy is report-only, so the violation has been logged but no further action has been taken. @ :0
[  202201ms] [INFO] Evaluating a string as JavaScript violates the following Content Security Policy directive because 'unsafe-eval' is not an allowed source of script: "script-src 'unsafe-inline'".
 The policy is report-only, so the violation has been logged but no further action has been taken. @ :0
[  202201ms] [INFO] Evaluating a string as JavaScript violates the following Content Security Policy directive because 'unsafe-eval' is not an allowed source of script: "script-src 'unsafe-inline'".
 The policy is report-only, so the violation has been logged but no further action has been taken. @ :0
[  202201ms] [INFO] Evaluating a string as JavaScript violates the following Content Security Policy directive because 'unsafe-eval' is not an allowed source of script: "script-src 'unsafe-inline'".
 The policy is report-only, so the violation has been logged but no further action has been taken. @ :0
[  202202ms] [INFO] Evaluating a string as JavaScript violates the following Content Security Policy directive because 'unsafe-eval' is not an allowed source of script: "script-src 'unsafe-inline'".
 The policy is report-only, so the violation has been logged but no further action has been taken. @ :0
[  202203ms] [INFO] Evaluating a string as JavaScript violates the following Content Security Policy directive because 'unsafe-eval' is not an allowed source of script: "script-src 'unsafe-inline'".
 The policy is report-only, so the violation has been logged but no further action has been taken. @ :0
[  202203ms] [INFO] Evaluating a string as JavaScript violates the following Content Security Policy directive because 'unsafe-eval' is not an allowed source of script: "script-src 'unsafe-inline'".
 The policy is report-only, so the violation has been logged but no further action has been taken. @ :0
[  202204ms] [INFO] Evaluating a string as JavaScript violates the following Content Security Policy directive because 'unsafe-eval' is not an allowed source of script: "script-src 'unsafe-inline'".
 The policy is report-only, so the violation has been logged but no further action has been taken. @ :0
[  202204ms] [INFO] Evaluating a string as JavaScript violates the following Content Security Policy directive because 'unsafe-eval' is not an allowed source of script: "script-src 'unsafe-inline'".
 The policy is report-only, so the violation has been logged but no further action has been taken. @ :0
[  202205ms] [INFO] Evaluating a string as JavaScript violates the following Content Security Policy directive because 'unsafe-eval' is not an allowed source of script: "script-src 'unsafe-inline'".
 The policy is report-only, so the violation has been logged but no further action has been taken. @ :0
[  202205ms] [INFO] Evaluating a string as JavaScript violates the following Content Security Policy directive because 'unsafe-eval' is not an allowed source of script: "script-src 'unsafe-inline'".
 The policy is report-only, so the violation has been logged but no further action has been taken. @ :0
[  202205ms] [INFO] Evaluating a string as JavaScript violates the following Content Security Policy directive because 'unsafe-eval' is not an allowed source of script: "script-src 'unsafe-inline'".
 The policy is report-only, so the violation has been logged but no further action has been taken. @ :0
[  202206ms] [INFO] Evaluating a string as JavaScript violates the following Content Security Policy directive because 'unsafe-eval' is not an allowed source of script: "script-src 'unsafe-inline'".
 The policy is report-only, so the violation has been logged but no further action has been taken. @ :0
[  202206ms] [INFO] Evaluating a string as JavaScript violates the following Content Security Policy directive because 'unsafe-eval' is not an allowed source of script: "script-src 'unsafe-inline'".
 The policy is report-only, so the violation has been logged but no further action has been taken. @ :0
[  202207ms] [INFO] Evaluating a string as JavaScript violates the following Content Security Policy directive because 'unsafe-eval' is not an allowed source of script: "script-src 'unsafe-inline'".
 The policy is report-only, so the violation has been logged but no further action has been taken. @ :0
[  202207ms] [INFO] Evaluating a string as JavaScript violates the following Content Security Policy directive because 'unsafe-eval' is not an allowed source of script: "script-src 'unsafe-inline'".
 The policy is report-only, so the violation has been logged but no further action has been taken. @ :0
[  202209ms] [INFO] Evaluating a string as JavaScript violates the following Content Security Policy directive because 'unsafe-eval' is not an allowed source of script: "script-src 'unsafe-inline'".
 The policy is report-only, so the violation has been logged but no further action has been taken. @ :0
[  202209ms] [INFO] Evaluating a string as JavaScript violates the following Content Security Policy directive because 'unsafe-eval' is not an allowed source of script: "script-src 'unsafe-inline'".
 The policy is report-only, so the violation has been logged but no further action has been taken. @ :0
[  202219ms] [INFO] Evaluating a string as JavaScript violates the following Content Security Policy directive because 'unsafe-eval' is not an allowed source of script: "script-src 'unsafe-inline'".
 The policy is report-only, so the violation has been logged but no further action has been taken. @ :0
[  202219ms] [INFO] Evaluating a string as JavaScript violates the following Content Security Policy directive because 'unsafe-eval' is not an allowed source of script: "script-src 'unsafe-inline'".
 The policy is report-only, so the violation has been logged but no further action has been taken. @ :0
[  202220ms] [INFO] Evaluating a string as JavaScript violates the following Content Security Policy directive because 'unsafe-eval' is not an allowed source of script: "script-src 'unsafe-inline'".
 The policy is report-only, so the violation has been logged but no further action has been taken. @ :0
[  202220ms] [INFO] Evaluating a string as JavaScript violates the following Content Security Policy directive because 'unsafe-eval' is not an allowed source of script: "script-src 'unsafe-inline'".
 The policy is report-only, so the violation has been logged but no further action has been taken. @ :0
[  202220ms] [INFO] Evaluating a string as JavaScript violates the following Content Security Policy directive because 'unsafe-eval' is not an allowed source of script: "script-src 'unsafe-inline'".
 The policy is report-only, so the violation has been logged but no further action has been taken. @ :0
[  202220ms] [INFO] Evaluating a string as JavaScript violates the following Content Security Policy directive because 'unsafe-eval' is not an allowed source of script: "script-src 'unsafe-inline'".
 The policy is report-only, so the violation has been logged but no further action has been taken. @ :0
[  202221ms] [INFO] Evaluating a string as JavaScript violates the following Content Security Policy directive because 'unsafe-eval' is not an allowed source of script: "script-src 'unsafe-inline'".
 The policy is report-only, so the violation has been logged but no further action has been taken. @ :0
[  202221ms] [INFO] Evaluating a string as JavaScript violates the following Content Security Policy directive because 'unsafe-eval' is not an allowed source of script: "script-src 'unsafe-inline'".
 The policy is report-only, so the violation has been logged but no further action has been taken. @ :0
[  202221ms] [INFO] Evaluating a string as JavaScript violates the following Content Security Policy directive because 'unsafe-eval' is not an allowed source of script: "script-src 'unsafe-inline'".
 The policy is report-only, so the violation has been logged but no further action has been taken. @ :0
[  202221ms] [INFO] Evaluating a string as JavaScript violates the following Content Security Policy directive because 'unsafe-eval' is not an allowed source of script: "script-src 'unsafe-inline'".
 The policy is report-only, so the violation has been logged but no further action has been taken. @ :0
[  202222ms] [INFO] Evaluating a string as JavaScript violates the following Content Security Policy directive because 'unsafe-eval' is not an allowed source of script: "script-src 'unsafe-inline'".
 The policy is report-only, so the violation has been logged but no further action has been taken. @ :0
[  202222ms] [INFO] Evaluating a string as JavaScript violates the following Content Security Policy directive because 'unsafe-eval' is not an allowed source of script: "script-src 'unsafe-inline'".
 The policy is report-only, so the violation has been logged but no further action has been taken. @ :0
[  202222ms] [INFO] Evaluating a string as JavaScript violates the following Content Security Policy directive because 'unsafe-eval' is not an allowed source of script: "script-src 'unsafe-inline'".
 The policy is report-only, so the violation has been logged but no further action has been taken. @ :0
[  202223ms] [INFO] Evaluating a string as JavaScript violates the following Content Security Policy directive because 'unsafe-eval' is not an allowed source of script: "script-src 'unsafe-inline'".
 The policy is report-only, so the violation has been logged but no further action has been taken. @ :0
[  202223ms] [INFO] Evaluating a string as JavaScript violates the following Content Security Policy directive because 'unsafe-eval' is not an allowed source of script: "script-src 'unsafe-inline'".
 The policy is report-only, so the violation has been logged but no further action has been taken. @ :0
[  202223ms] [INFO] Evaluating a string as JavaScript violates the following Content Security Policy directive because 'unsafe-eval' is not an allowed source of script: "script-src 'unsafe-inline'".
 The policy is report-only, so the violation has been logged but no further action has been taken. @ :0
[  202223ms] [INFO] Evaluating a string as JavaScript violates the following Content Security Policy directive because 'unsafe-eval' is not an allowed source of script: "script-src 'unsafe-inline'".
 The policy is report-only, so the violation has been logged but no further action has been taken. @ :0
[  202223ms] [INFO] Evaluating a string as JavaScript violates the following Content Security Policy directive because 'unsafe-eval' is not an allowed source of script: "script-src 'unsafe-inline'".
 The policy is report-only, so the violation has been logged but no further action has been taken. @ :0
[  202224ms] [INFO] Evaluating a string as JavaScript violates the following Content Security Policy directive because 'unsafe-eval' is not an allowed source of script: "script-src 'unsafe-inline'".
 The policy is report-only, so the violation has been logged but no further action has been taken. @ :0
[  202225ms] [INFO] Evaluating a string as JavaScript violates the following Content Security Policy directive because 'unsafe-eval' is not an allowed source of script: "script-src 'unsafe-inline'".
 The policy is report-only, so the violation has been logged but no further action has been taken. @ :0
[  202225ms] [INFO] Evaluating a string as JavaScript violates the following Content Security Policy directive because 'unsafe-eval' is not an allowed source of script: "script-src 'unsafe-inline'".
 The policy is report-only, so the violation has been logged but no further action has been taken. @ :0
[  202225ms] [INFO] Evaluating a string as JavaScript violates the following Content Security Policy directive because 'unsafe-eval' is not an allowed source of script: "script-src 'unsafe-inline'".
 The policy is report-only, so the violation has been logged but no further action has been taken. @ :0
[  202225ms] [INFO] Evaluating a string as JavaScript violates the following Content Security Policy directive because 'unsafe-eval' is not an allowed source of script: "script-src 'unsafe-inline'".
 The policy is report-only, so the violation has been logged but no further action has been taken. @ :0
[  202226ms] [INFO] Evaluating a string as JavaScript violates the following Content Security Policy directive because 'unsafe-eval' is not an allowed source of script: "script-src 'unsafe-inline'".
 The policy is report-only, so the violation has been logged but no further action has been taken. @ :0
[  202226ms] [INFO] Evaluating a string as JavaScript violates the following Content Security Policy directive because 'unsafe-eval' is not an allowed source of script: "script-src 'unsafe-inline'".
 The policy is report-only, so the violation has been logged but no further action has been taken. @ :0
[  202226ms] [INFO] Evaluating a string as JavaScript violates the following Content Security Policy directive because 'unsafe-eval' is not an allowed source of script: "script-src 'unsafe-inline'".
 The policy is report-only, so the violation has been logged but no further action has been taken. @ :0
[  202226ms] [INFO] Evaluating a string as JavaScript violates the following Content Security Policy directive because 'unsafe-eval' is not an allowed source of script: "script-src 'unsafe-inline'".
 The policy is report-only, so the violation has been logged but no further action has been taken. @ :0
[  202226ms] [INFO] Evaluating a string as JavaScript violates the following Content Security Policy directive because 'unsafe-eval' is not an allowed source of script: "script-src 'unsafe-inline'".
 The policy is report-only, so the violation has been logged but no further action has been taken. @ :0
[  202227ms] [INFO] Evaluating a string as JavaScript violates the following Content Security Policy directive because 'unsafe-eval' is not an allowed source of script: "script-src 'unsafe-inline'".
 The policy is report-only, so the violation has been logged but no further action has been taken. @ :0
[  202227ms] [INFO] Evaluating a string as JavaScript violates the following Content Security Policy directive because 'unsafe-eval' is not an allowed source of script: "script-src 'unsafe-inline'".
 The policy is report-only, so the violation has been logged but no further action has been taken. @ :0
[  202227ms] [INFO] Evaluating a string as JavaScript violates the following Content Security Policy directive because 'unsafe-eval' is not an allowed source of script: "script-src 'unsafe-inline'".
 The policy is report-only, so the violation has been logged but no further action has been taken. @ :0
[  202227ms] [INFO] Evaluating a string as JavaScript violates the following Content Security Policy directive because 'unsafe-eval' is not an allowed source of script: "script-src 'unsafe-inline'".
 The policy is report-only, so the violation has been logged but no further action has been taken. @ :0
[  202227ms] [INFO] Evaluating a string as JavaScript violates the following Content Security Policy directive because 'unsafe-eval' is not an allowed source of script: "script-src 'unsafe-inline'".
 The policy is report-only, so the violation has been logged but no further action has been taken. @ :0
[  202228ms] [INFO] Evaluating a string as JavaScript violates the following Content Security Policy directive because 'unsafe-eval' is not an allowed source of script: "script-src 'unsafe-inline'".
 The policy is report-only, so the violation has been logged but no further action has been taken. @ :0
[  202228ms] [INFO] Evaluating a string as JavaScript violates the following Content Security Policy directive because 'unsafe-eval' is not an allowed source of script: "script-src 'unsafe-inline'".
 The policy is report-only, so the violation has been logged but no further action has been taken. @ :0
[  202228ms] [INFO] Evaluating a string as JavaScript violates the following Content Security Policy directive because 'unsafe-eval' is not an allowed source of script: "script-src 'unsafe-inline'".
 The policy is report-only, so the violation has been logged but no further action has been taken. @ :0
[  202228ms] [INFO] Evaluating a string as JavaScript violates the following Content Security Policy directive because 'unsafe-eval' is not an allowed source of script: "script-src 'unsafe-inline'".
 The policy is report-only, so the violation has been logged but no further action has been taken. @ :0
[  202229ms] [INFO] Evaluating a string as JavaScript violates the following Content Security Policy directive because 'unsafe-eval' is not an allowed source of script: "script-src 'unsafe-inline'".
 The policy is report-only, so the violation has been logged but no further action has been taken. @ :0
[  202229ms] [INFO] Evaluating a string as JavaScript violates the following Content Security Policy directive because 'unsafe-eval' is not an allowed source of script: "script-src 'unsafe-inline'".
 The policy is report-only, so the violation has been logged but no further action has been taken. @ :0
[  202229ms] [INFO] Evaluating a string as JavaScript violates the following Content Security Policy directive because 'unsafe-eval' is not an allowed source of script: "script-src 'unsafe-inline'".
 The policy is report-only, so the violation has been logged but no further action has been taken. @ :0
[  202229ms] [INFO] Evaluating a string as JavaScript violates the following Content Security Policy directive because 'unsafe-eval' is not an allowed source of script: "script-src 'unsafe-inline'".
 The policy is report-only, so the violation has been logged but no further action has been taken. @ :0
[  202229ms] [INFO] Evaluating a string as JavaScript violates the following Content Security Policy directive because 'unsafe-eval' is not an allowed source of script: "script-src 'unsafe-inline'".
 The policy is report-only, so the violation has been logged but no further action has been taken. @ :0
[  202231ms] [INFO] Evaluating a string as JavaScript violates the following Content Security Policy directive because 'unsafe-eval' is not an allowed source of script: "script-src 'unsafe-inline'".
 The policy is report-only, so the violation has been logged but no further action has been taken. @ :0
[  202231ms] [INFO] Evaluating a string as JavaScript violates the following Content Security Policy directive because 'unsafe-eval' is not an allowed source of script: "script-src 'unsafe-inline'".
 The policy is report-only, so the violation has been logged but no further action has been taken. @ :0
[  202240ms] [INFO] Evaluating a string as JavaScript violates the following Content Security Policy directive because 'unsafe-eval' is not an allowed source of script: "script-src 'unsafe-inline'".
 The policy is report-only, so the violation has been logged but no further action has been taken. @ :0
[  202240ms] [INFO] Evaluating a string as JavaScript violates the following Content Security Policy directive because 'unsafe-eval' is not an allowed source of script: "script-src 'unsafe-inline'".
 The policy is report-only, so the violation has been logged but no further action has been taken. @ :0
[  202240ms] [INFO] Evaluating a string as JavaScript violates the following Content Security Policy directive because 'unsafe-eval' is not an allowed source of script: "script-src 'unsafe-inline'".
 The policy is report-only, so the violation has been logged but no further action has been taken. @ :0
[  202241ms] [INFO] Evaluating a string as JavaScript violates the following Content Security Policy directive because 'unsafe-eval' is not an allowed source of script: "script-src 'unsafe-inline'".
 The policy is report-only, so the violation has been logged but no further action has been taken. @ :0
[  202241ms] [INFO] Evaluating a string as JavaScript violates the following Content Security Policy directive because 'unsafe-eval' is not an allowed source of script: "script-src 'unsafe-inline'".
 The policy is report-only, so the violation has been logged but no further action has been taken. @ :0
[  202241ms] [INFO] Evaluating a string as JavaScript violates the following Content Security Policy directive because 'unsafe-eval' is not an allowed source of script: "script-src 'unsafe-inline'".
 The policy is report-only, so the violation has been logged but no further action has been taken. @ :0
[  202244ms] [INFO] Evaluating a string as JavaScript violates the following Content Security Policy directive because 'unsafe-eval' is not an allowed source of script: "script-src 'unsafe-inline'".
 The policy is report-only, so the violation has been logged but no further action has been taken. @ :0
[  202244ms] [INFO] Evaluating a string as JavaScript violates the following Content Security Policy directive because 'unsafe-eval' is not an allowed source of script: "script-src 'unsafe-inline'".
 The policy is report-only, so the violation has been logged but no further action has been taken. @ :0
[  202245ms] [INFO] Evaluating a string as JavaScript violates the following Content Security Policy directive because 'unsafe-eval' is not an allowed source of script: "script-src 'unsafe-inline'".
 The policy is report-only, so the violation has been logged but no further action has been taken. @ :0
[  202245ms] [INFO] Evaluating a string as JavaScript violates the following Content Security Policy directive because 'unsafe-eval' is not an allowed source of script: "script-src 'unsafe-inline'".
 The policy is report-only, so the violation has been logged but no further action has been taken. @ :0
[  202246ms] [INFO] Evaluating a string as JavaScript violates the following Content Security Policy directive because 'unsafe-eval' is not an allowed source of script: "script-src 'unsafe-inline'".
 The policy is report-only, so the violation has been logged but no further action has been taken. @ :0
[  202246ms] [INFO] Evaluating a string as JavaScript violates the following Content Security Policy directive because 'unsafe-eval' is not an allowed source of script: "script-src 'unsafe-inline'".
 The policy is report-only, so the violation has been logged but no further action has been taken. @ :0
[  202247ms] [INFO] Evaluating a string as JavaScript violates the following Content Security Policy directive because 'unsafe-eval' is not an allowed source of script: "script-src 'unsafe-inline'".
 The policy is report-only, so the violation has been logged but no further action has been taken. @ :0
[  202247ms] [INFO] Evaluating a string as JavaScript violates the following Content Security Policy directive because 'unsafe-eval' is not an allowed source of script: "script-src 'unsafe-inline'".
 The policy is report-only, so the violation has been logged but no further action has been taken. @ :0
[  202247ms] [INFO] Evaluating a string as JavaScript violates the following Content Security Policy directive because 'unsafe-eval' is not an allowed source of script: "script-src 'unsafe-inline'".
 The policy is report-only, so the violation has been logged but no further action has been taken. @ :0
[  202247ms] [INFO] Evaluating a string as JavaScript violates the following Content Security Policy directive because 'unsafe-eval' is not an allowed source of script: "script-src 'unsafe-inline'".
 The policy is report-only, so the violation has been logged but no further action has been taken. @ :0
[  202248ms] [INFO] Evaluating a string as JavaScript violates the following Content Security Policy directive because 'unsafe-eval' is not an allowed source of script: "script-src 'unsafe-inline'".
 The policy is report-only, so the violation has been logged but no further action has been taken. @ :0
[  202248ms] [INFO] Evaluating a string as JavaScript violates the following Content Security Policy directive because 'unsafe-eval' is not an allowed source of script: "script-src 'unsafe-inline'".
 The policy is report-only, so the violation has been logged but no further action has been taken. @ :0
[  202248ms] [INFO] Evaluating a string as JavaScript violates the following Content Security Policy directive because 'unsafe-eval' is not an allowed source of script: "script-src 'unsafe-inline'".
 The policy is report-only, so the violation has been logged but no further action has been taken. @ :0
[  202249ms] [INFO] Evaluating a string as JavaScript violates the following Content Security Policy directive because 'unsafe-eval' is not an allowed source of script: "script-src 'unsafe-inline'".
 The policy is report-only, so the violation has been logged but no further action has been taken. @ :0
[  202249ms] [INFO] Evaluating a string as JavaScript violates the following Content Security Policy directive because 'unsafe-eval' is not an allowed source of script: "script-src 'unsafe-inline'".
 The policy is report-only, so the violation has been logged but no further action has been taken. @ :0
[  202250ms] [INFO] Evaluating a string as JavaScript violates the following Content Security Policy directive because 'unsafe-eval' is not an allowed source of script: "script-src 'unsafe-inline'".
 The policy is report-only, so the violation has been logged but no further action has been taken. @ :0
[  202250ms] [INFO] Evaluating a string as JavaScript violates the following Content Security Policy directive because 'unsafe-eval' is not an allowed source of script: "script-src 'unsafe-inline'".
 The policy is report-only, so the violation has been logged but no further action has been taken. @ :0
[  202250ms] [INFO] Evaluating a string as JavaScript violates the following Content Security Policy directive because 'unsafe-eval' is not an allowed source of script: "script-src 'unsafe-inline'".
 The policy is report-only, so the violation has been logged but no further action has been taken. @ :0
[  202250ms] [INFO] Evaluating a string as JavaScript violates the following Content Security Policy directive because 'unsafe-eval' is not an allowed source of script: "script-src 'unsafe-inline'".
 The policy is report-only, so the violation has been logged but no further action has been taken. @ :0
[  202258ms] [INFO] Evaluating a string as JavaScript violates the following Content Security Policy directive because 'unsafe-eval' is not an allowed source of script: "script-src 'unsafe-inline'".
 The policy is report-only, so the violation has been logged but no further action has been taken. @ :0
[  202258ms] [INFO] Evaluating a string as JavaScript violates the following Content Security Policy directive because 'unsafe-eval' is not an allowed source of script: "script-src 'unsafe-inline'".
 The policy is report-only, so the violation has been logged but no further action has been taken. @ :0
[  202258ms] [INFO] Evaluating a string as JavaScript violates the following Content Security Policy directive because 'unsafe-eval' is not an allowed source of script: "script-src 'unsafe-inline'".
 The policy is report-only, so the violation has been logged but no further action has been taken. @ :0
[  202259ms] [INFO] Evaluating a string as JavaScript violates the following Content Security Policy directive because 'unsafe-eval' is not an allowed source of script: "script-src 'unsafe-inline'".
 The policy is report-only, so the violation has been logged but no further action has been taken. @ :0
[  202259ms] [INFO] Evaluating a string as JavaScript violates the following Content Security Policy directive because 'unsafe-eval' is not an allowed source of script: "script-src 'unsafe-inline'".
 The policy is report-only, so the violation has been logged but no further action has been taken. @ :0
[  202260ms] [INFO] Evaluating a string as JavaScript violates the following Content Security Policy directive because 'unsafe-eval' is not an allowed source of script: "script-src 'unsafe-inline'".
 The policy is report-only, so the violation has been logged but no further action has been taken. @ :0
[  202260ms] [INFO] Evaluating a string as JavaScript violates the following Content Security Policy directive because 'unsafe-eval' is not an allowed source of script: "script-src 'unsafe-inline'".
 The policy is report-only, so the violation has been logged but no further action has been taken. @ :0
[  202260ms] [INFO] Evaluating a string as JavaScript violates the following Content Security Policy directive because 'unsafe-eval' is not an allowed source of script: "script-src 'unsafe-inline'".
 The policy is report-only, so the violation has been logged but no further action has been taken. @ :0
[  202262ms] [INFO] Evaluating a string as JavaScript violates the following Content Security Policy directive because 'unsafe-eval' is not an allowed source of script: "script-src 'unsafe-inline'".
 The policy is report-only, so the violation has been logged but no further action has been taken. @ :0
[  202263ms] [INFO] Evaluating a string as JavaScript violates the following Content Security Policy directive because 'unsafe-eval' is not an allowed source of script: "script-src 'unsafe-inline'".
 The policy is report-only, so the violation has been logged but no further action has been taken. @ :0
[  202264ms] [INFO] Evaluating a string as JavaScript violates the following Content Security Policy directive because 'unsafe-eval' is not an allowed source of script: "script-src 'unsafe-inline'".
 The policy is report-only, so the violation has been logged but no further action has been taken. @ :0
[  202264ms] [INFO] Evaluating a string as JavaScript violates the following Content Security Policy directive because 'unsafe-eval' is not an allowed source of script: "script-src 'unsafe-inline'".
 The policy is report-only, so the violation has been logged but no further action has been taken. @ :0
[  202265ms] [INFO] Evaluating a string as JavaScript violates the following Content Security Policy directive because 'unsafe-eval' is not an allowed source of script: "script-src 'unsafe-inline'".
 The policy is report-only, so the violation has been logged but no further action has been taken. @ :0
[  202266ms] [INFO] Evaluating a string as JavaScript violates the following Content Security Policy directive because 'unsafe-eval' is not an allowed source of script: "script-src 'unsafe-inline'".
 The policy is report-only, so the violation has been logged but no further action has been taken. @ :0
[  202266ms] [INFO] Evaluating a string as JavaScript violates the following Content Security Policy directive because 'unsafe-eval' is not an allowed source of script: "script-src 'unsafe-inline'".
 The policy is report-only, so the violation has been logged but no further action has been taken. @ :0
[  202266ms] [INFO] Evaluating a string as JavaScript violates the following Content Security Policy directive because 'unsafe-eval' is not an allowed source of script: "script-src 'unsafe-inline'".
 The policy is report-only, so the violation has been logged but no further action has been taken. @ :0
[  202267ms] [INFO] Evaluating a string as JavaScript violates the following Content Security Policy directive because 'unsafe-eval' is not an allowed source of script: "script-src 'unsafe-inline'".
 The policy is report-only, so the violation has been logged but no further action has been taken. @ :0
[  202269ms] [INFO] Evaluating a string as JavaScript violates the following Content Security Policy directive because 'unsafe-eval' is not an allowed source of script: "script-src 'unsafe-inline'".
 The policy is report-only, so the violation has been logged but no further action has been taken. @ :0
[  202269ms] [INFO] Evaluating a string as JavaScript violates the following Content Security Policy directive because 'unsafe-eval' is not an allowed source of script: "script-src 'unsafe-inline'".
 The policy is report-only, so the violation has been logged but no further action has been taken. @ :0
[  202338ms] [INFO] Evaluating a string as JavaScript violates the following Content Security Policy directive because 'unsafe-eval' is not an allowed source of script: "script-src 'unsafe-inline'".
 The policy is report-only, so the violation has been logged but no further action has been taken. @ :0
[  203245ms] [INFO] Evaluating a string as JavaScript violates the following Content Security Policy directive because 'unsafe-eval' is not an allowed source of script: "script-src 'unsafe-inline'".
 The policy is report-only, so the violation has been logged but no further action has been taken. @ :0
[ 3287492ms] [LOG] [Fast Refresh] rebuilding @ http://localhost:3000/_next/static/chunks/node_modules_next_dist_0ifwd0~._.js:2925
[ 3287499ms] [LOG] [Fast Refresh] done in 108ms @ http://localhost:3000/_next/static/chunks/node_modules_next_dist_0ifwd0~._.js:2925
